local_version,local_filename,risk,domain,position_vs_remote_range,nearest_remote_version,nearest_delta_seconds
20260126182101,20260126182101_2f0234ed-56dc-4072-ab57-dfd72543853a.sql,high,security/auth,inside_remote_range,,
20260126184430,20260126184430_15d3dc46-97b5-4f21-b420-db59cd05443a.sql,high,security/auth,inside_remote_range,,
20260126184928,20260126184928_0755b267-5e93-4458-b091-dce75d554b08.sql,high,security/auth,inside_remote_range,,
20260126185227,20260126185227_cda82eb4-ac9e-49b5-9acf-17a1a8079c3d.sql,high,security/auth,inside_remote_range,,
20260126191000,20260126191000_58715aeb-e9bb-454c-bb6a-e617cbbce913.sql,high,security/auth,inside_remote_range,,
20260126194309,20260126194309_e195e9d5-5e21-4d2c-b212-f7264928e546.sql,high,security/auth,inside_remote_range,,
20260126195812,20260126195812_4c0fbc98-ad0f-455f-abee-31eb6a1c0840.sql,high,security/auth,inside_remote_range,,
20260126204105,20260126204105_c67b7de4-2860-447e-9fbd-92891b2247a5.sql,high,security/auth,inside_remote_range,,
20260126204406,20260126204406_4b930ffe-7701-4cca-8669-5b8015c31411.sql,low,general,inside_remote_range,,
20260126210051,20260126210051_db732eec-5136-48f3-9aed-f84e414f4307.sql,high,commerce/store,inside_remote_range,,
20260126210105,20260126210105_93ebc1b8-2f34-4353-8ebe-0cd1ec2b2902.sql,medium,security/auth,inside_remote_range,,
20260126222347,20260126222347_17c79ffb-aefb-49fe-9f4c-311d704354ee.sql,high,security/auth,inside_remote_range,,
20260127224426,20260127224426_9322795d-86a8-4ca0-86af-654caacb5286.sql,high,security/auth,inside_remote_range,,
20260127224927,20260127224927_9e2a2506-a399-42ca-89b3-e8cf7b5a3733.sql,high,security/auth,inside_remote_range,,
20260127233015,20260127233015_5ca2a59c-f6eb-4fca-9560-ba33232020d3.sql,high,security/auth,inside_remote_range,,
20260129222403,20260129222403_8821654d-63c2-4fb4-b5bf-216b04f4a603.sql,medium,commerce/store,inside_remote_range,,
20260129225210,20260129225210_7429b719-03e7-49dc-98a2-a101f956b59d.sql,high,security/auth,inside_remote_range,,
20260129225228,20260129225228_f8acf683-0020-463d-baac-e9c8dda02913.sql,high,security/auth,inside_remote_range,,
20260131202033,20260131202033_2a6cde74-5ca5-4f55-9675-9580420c3829.sql,high,security/auth,inside_remote_range,,
20260131202050,20260131202050_6631b7e6-2c78-41b2-983b-8730b4146de5.sql,high,security/auth,inside_remote_range,,
20260131204001,20260131204001_8fc6e8e9-7bc7-46de-bd85-4266f95306aa.sql,high,security/auth,inside_remote_range,,
20260201011854,20260201011854_0dd90e3e-d414-443c-ab60-74ab8b147261.sql,high,security/auth,inside_remote_range,,
20260201013822,20260201013822_2bc1f474-0e88-44be-a68d-befe581a0753.sql,high,security/auth,inside_remote_range,,
20260201015944,20260201015944_d2dcded2-8f84-47d7-b226-bb29a6944d8f.sql,high,security/auth,inside_remote_range,,
20260201040315,20260201040315_45c14265-db1d-49f1-94b5-0b6ab7a1e92c.sql,high,security/auth,inside_remote_range,,
20260201045033,20260201045033_b7016c20-b1d2-43dc-ad6f-1b0c0d3746b2.sql,high,security/auth,inside_remote_range,,
20260201143419,20260201143419_282f5007-80e4-4b53-881f-6268400c8d51.sql,high,security/auth,inside_remote_range,,
20260201143843,20260201143843_74a114aa-2010-4487-91e4-5b4f3e2e5f04.sql,high,security/auth,inside_remote_range,,
20260201162950,20260201162950_5af8902a-3602-41e8-851a-3e26875239af.sql,high,security/auth,inside_remote_range,,
20260201163106,20260201163106_64748b6e-1d0e-4437-9b4f-96e05f3ca218.sql,medium,infrastructure,inside_remote_range,,
20260201231045,20260201231045_bed0e379-2e96-49d2-b3f5-ab12040aa6ff.sql,high,security/auth,inside_remote_range,,
20260202033232,20260202033232_5ff94892-d738-4994-ad98-4b857a97b277.sql,high,security/auth,inside_remote_range,,
20260202035408,20260202035408_41812af0-2f9d-4a2d-9e9c-65de3934ea7c.sql,high,security/auth,inside_remote_range,,
20260202035426,20260202035426_d125ec90-64bf-4265-99a7-bdf9c1456fcb.sql,high,security/auth,inside_remote_range,,
20260202041223,20260202041223_4f96bc3c-1d6a-423e-99e7-fbbfbeb3da0d.sql,high,security/auth,inside_remote_range,,
20260202051526,20260202051526_be8b4e54-ffc7-4534-aaa6-abec65adfef1.sql,high,security/auth,inside_remote_range,,
20260202174006,20260202174006_90659f78-5306-4f6a-bd58-1d418ec8608f.sql,high,security/auth,inside_remote_range,,
20260202182912,20260202182912_634f3df2-e9b3-4ba9-8f66-987d421ff0c4.sql,high,security/auth,inside_remote_range,,
20260202190221,20260202190221_2f4e65a7-d37d-4341-85d1-49869ecfde54.sql,high,security/auth,inside_remote_range,,
20260202192002,20260202192002_5a1b188b-1b4c-40d3-9293-a5fbb9590879.sql,high,security/auth,inside_remote_range,,
20260202195122,20260202195122_1bca7ac1-b2a0-47bd-8a8c-625bc03550cc.sql,high,security/auth,inside_remote_range,,
20260202214213,20260202214213_744d4882-3728-4e5f-b1dc-5443d2606cb4.sql,high,security/auth,inside_remote_range,,
20260202214846,20260202214846_72ca2e8b-e277-4863-b76d-bb0d4e845657.sql,high,security/auth,inside_remote_range,,
20260202220003,20260202220003_7186c03b-3c3b-4bd5-924c-fc1f9ed55f18.sql,high,security/auth,inside_remote_range,,
20260202220847,20260202220847_bedb61f0-7016-4d3e-927c-061886814f3d.sql,high,security/auth,inside_remote_range,,
20260202221827,20260202221827_244880bc-6bd0-4820-a0b7-d58f49e96c92.sql,high,security/auth,inside_remote_range,,
20260202221910,20260202221910_846f264d-c52d-46b4-8995-94369ebedcb1.sql,high,general,inside_remote_range,,
20260202222644,20260202222644_48560059-27a6-4794-a4e3-482bfcb875ca.sql,high,security/auth,inside_remote_range,,
20260202223817,20260202223817_e5ee102f-2b49-44be-bdf7-ae4a2eb44ae8.sql,high,security/auth,inside_remote_range,,
20260202231736,20260202231736_6b8dc9d3-3a5f-4793-877b-8cbee0fb9382.sql,high,security/auth,inside_remote_range,,
20260202232819,20260202232819_7969ad70-23c6-4147-b5c9-6587a027526d.sql,high,security/auth,inside_remote_range,,
20260202235318,20260202235318_e89b6a56-8ed2-4e22-afe3-5e90d6de92eb.sql,high,security/auth,inside_remote_range,,
20260203002459,20260203002459_884b16e7-6421-4c2d-bcb9-9a7514f5ba33.sql,high,commerce/store,inside_remote_range,,
20260203013302,20260203013302_fb931ed1-e37a-4cb8-9735-4c02a54a44e6.sql,high,security/auth,inside_remote_range,,
20260203014556,20260203014556_e3548448-7695-4760-9bd6-c9202f144cd5.sql,high,security/auth,inside_remote_range,,
20260203023746,20260203023746_8ef5adcb-b1c5-4c87-89de-216095a24a2e.sql,high,security/auth,inside_remote_range,,
20260203024509,20260203024509_48237148-549e-4acd-83ff-c267f196c088.sql,high,security/auth,inside_remote_range,,
20260203024553,20260203024553_67ed27d8-e665-4e0e-90ec-7801e977e5f3.sql,high,security/auth,inside_remote_range,,
20260203035016,20260203035016_9a6baf43-240a-4f54-96b5-6d0397a1cd0a.sql,high,security/auth,inside_remote_range,,
20260203035504,20260203035504_83aefa21-867e-4aa6-91cd-8c68b4561fa9.sql,high,security/auth,inside_remote_range,,
20260203040052,20260203040052_8cf9df9b-0674-49fb-8aad-c8219fa8300f.sql,high,security/auth,inside_remote_range,,
20260203040559,20260203040559_c9d20df4-5df5-4ff4-b37a-d7cd6f6e9f9f.sql,high,security/auth,inside_remote_range,,
20260203041546,20260203041546_d5165abd-0140-4a42-bae9-e1817cf42f10.sql,high,security/auth,inside_remote_range,,
20260203042123,20260203042123_7a062e20-630b-40ea-9598-24718ddd4ad5.sql,high,security/auth,inside_remote_range,,
20260203042638,20260203042638_4f0ef888-7553-417e-9493-0b406bb4636d.sql,high,security/auth,inside_remote_range,,
20260203043407,20260203043407_1b668709-989f-4e07-a5ed-3deea34fc232.sql,high,security/auth,inside_remote_range,,
20260203043853,20260203043853_87e6eb95-4926-4c07-815f-a58af54f2315.sql,high,security/auth,inside_remote_range,,
20260203044803,20260203044803_99e6ab80-a3bd-469e-9cb1-1a7485e5ce60.sql,high,security/auth,inside_remote_range,,
20260203145120,20260203145120_c5fecd17-cad2-40b3-ac3c-22600caed6e2.sql,high,security/auth,inside_remote_range,,
20260203145737,20260203145737_75c92195-d70d-4079-85aa-2edc080f2d36.sql,high,security/auth,inside_remote_range,,
20260203150429,20260203150429_cf2585b7-3153-4f77-a951-98fb2b9b0418.sql,high,security/auth,inside_remote_range,,
20260203151534,20260203151534_5523d0a6-049c-4116-b10f-b4aa49688c97.sql,high,security/auth,inside_remote_range,,
20260203152414,20260203152414_5c22e0b8-f5ff-4155-a0c2-73003951c937.sql,high,security/auth,inside_remote_range,,
20260203152915,20260203152915_9ae9c004-7e8c-425b-925a-a5e959e5629d.sql,high,security/auth,inside_remote_range,,
20260203153417,20260203153417_4f24b2b8-5688-44ff-b538-b430e127a4d4.sql,high,security/auth,inside_remote_range,,
20260203154042,20260203154042_08b8cf48-d541-4233-947f-fb572fdbce07.sql,medium,security/auth,inside_remote_range,,
20260203154129,20260203154129_83f7dd56-1556-4b57-a38f-812225923eb0.sql,high,security/auth,inside_remote_range,,
20260203174741,20260203174741_708fcb48-34e2-4a51-9985-de4631f402dd.sql,high,security/auth,inside_remote_range,,
20260203174854,20260203174854_95e27314-1838-45ae-b140-6360a5a77390.sql,high,security/auth,inside_remote_range,,
20260203174956,20260203174956_6cc7b4da-15be-492f-bb6e-daa6be0079c1.sql,high,travel/lodging,inside_remote_range,,
20260203175122,20260203175122_07778d64-e9a9-45e8-9f01-1c61e76f71f7.sql,high,security/auth,inside_remote_range,,
20260203183412,20260203183412_e0ea229c-828f-4352-be80-ccfe10880304.sql,high,security/auth,inside_remote_range,,
20260203184154,20260203184154_70969c81-f5bf-431a-b0b9-b7dd1710e0c1.sql,high,security/auth,inside_remote_range,,
20260203184835,20260203184835_1eee9ba3-4607-4149-bdd0-ec0b14a7d9e8.sql,low,security/auth,inside_remote_range,,
20260203184905,20260203184905_3c94f6ca-0d11-490b-9b87-96a82b132312.sql,high,security/auth,inside_remote_range,,
20260203190708,20260203190708_17826dd3-1fbe-4811-9a38-181a94eec0dc.sql,high,security/auth,inside_remote_range,,
20260203191314,20260203191314_4bcd6c8d-628e-4428-9018-d710e87ea9bc.sql,high,security/auth,inside_remote_range,,
20260203191920,20260203191920_a6bd8472-ec77-4b0e-87d8-61a5926aac35.sql,high,security/auth,inside_remote_range,,
20260203192447,20260203192447_0c1d7391-5428-4d9e-9686-c2b8c902f2ac.sql,high,security/auth,inside_remote_range,,
20260203192852,20260203192852_f503ea1a-971b-4f8f-8ebf-861f14c05f84.sql,high,security/auth,inside_remote_range,,
20260203193509,20260203193509_1a34c8cb-a4ec-4f06-a4c0-6511409df339.sql,high,security/auth,inside_remote_range,,
20260203194134,20260203194134_acc3f9b5-84b9-4ca5-8517-89ae26fd1bd4.sql,high,security/auth,inside_remote_range,,
20260203194847,20260203194847_12b4c810-520d-4f0c-b03b-7c5264824de3.sql,high,security/auth,inside_remote_range,,
20260203195340,20260203195340_b395386a-94a0-4a05-8223-c7331cd83d2c.sql,high,security/auth,inside_remote_range,,
20260203195729,20260203195729_7c5801c8-43b3-4891-9e13-8aa5349cdd64.sql,high,security/auth,inside_remote_range,,
20260203200300,20260203200300_6a5a3335-6899-4156-b68d-6395a1c43438.sql,high,security/auth,inside_remote_range,,
20260203235832,20260203235832_d1fd9bf0-307a-4eee-b48e-14a455bf14cf.sql,high,security/auth,inside_remote_range,,
20260204000809,20260204000809_982bd61a-f958-41fe-82ab-6c6c9885b511.sql,high,security/auth,inside_remote_range,,
20260204003412,20260204003412_890cf69e-526d-449c-a5f5-2f9313bf1b0d.sql,high,security/auth,inside_remote_range,,
20260204142922,20260204142922_292a0f9d-aa48-483e-9840-630dd35bb586.sql,high,security/auth,inside_remote_range,,
20260204143017,20260204143017_1e6880e3-e6f5-4416-b252-a17d588f896f.sql,high,security/auth,inside_remote_range,,
20260204185833,20260204185833_be1100b8-887e-4b8c-8963-db49ddd2e34d.sql,high,security/auth,inside_remote_range,,
20260205190654,20260205190654_e002faef-a986-4892-834d-32676cb93055.sql,high,security/auth,inside_remote_range,,
20260205192129,20260205192129_06ed20b1-b359-463b-9e96-40051d4caf5a.sql,high,security/auth,inside_remote_range,,
20260205192940,20260205192940_8fcdf92c-0c92-4e90-af83-01275c9e0717.sql,high,security/auth,inside_remote_range,,
20260205213337,20260205213337_9bbf6075-0954-473f-bac0-bc7a11d5443c.sql,high,security/auth,inside_remote_range,,
20260206004412,20260206004412_9ffce79a-d547-4fd5-9350-98a0025a10f2.sql,high,security/auth,inside_remote_range,,
20260206004801,20260206004801_7bfca43a-d9d2-4169-8a44-47159879bb74.sql,high,security/auth,inside_remote_range,,
20260206005444,20260206005444_831becfc-36d7-4da8-8bce-5e669c5ba33f.sql,medium,general,inside_remote_range,,
20260206010210,20260206010210_9e8b79c9-bda7-4a3b-9a47-3afb31c05771.sql,medium,general,inside_remote_range,,
20260206011253,20260206011253_6e920dee-8db1-4ef6-bab3-9d3e64c2de51.sql,medium,security/auth,inside_remote_range,,
20260206011314,20260206011314_a056e366-630c-4682-842e-b002aa14b0de.sql,high,security/auth,inside_remote_range,,
20260206012348,20260206012348_c1c62f0f-a7d5-4fdc-96fa-4d0d219d019d.sql,high,security/auth,inside_remote_range,,
20260206013209,20260206013209_00c0d00c-116a-42e9-9cc9-295d52301427.sql,high,security/auth,inside_remote_range,,
20260206165821,20260206165821_1b793670-97d7-4361-826a-7af839f40628.sql,medium,security/auth,inside_remote_range,,
20260206170223,20260206170223_724dc851-ef00-419e-9712-6a6af3d28b5c.sql,high,security/auth,inside_remote_range,,
20260206171839,20260206171839_759d3664-17a6-43a0-8e68-5c696986f13d.sql,high,security/auth,inside_remote_range,,
20260206223311,20260206223311_6540c45a-2b9a-45ae-a1ad-c2e16a4ddc07.sql,high,security/auth,inside_remote_range,,
20260206223354,20260206223354_7b25f06c-afc1-46ae-8cef-ca57f82c3cf5.sql,high,security/auth,inside_remote_range,,
20260206223510,20260206223510_cfb70ca7-7101-4618-b19a-872384c64e71.sql,high,infrastructure,inside_remote_range,,
20260206223615,20260206223615_88748bbd-38c4-4bde-8d2c-a22f8229cf79.sql,high,security/auth,inside_remote_range,,
20260206223712,20260206223712_6ee28c0d-a81d-4692-8ecb-35e96c31ef83.sql,high,security/auth,inside_remote_range,,
20260207004156,20260207004156_5ad8a2ee-8b53-450d-8688-2ad74a3f2357.sql,high,infrastructure,inside_remote_range,,
20260207015133,20260207015133_b9483abb-e63c-464b-ab01-66540218c4fe.sql,high,chat/social,inside_remote_range,,
20260207030758,20260207030758_41008cf0-b543-452e-9308-881c154bb4a7.sql,high,security/auth,inside_remote_range,,
20260207032627,20260207032627_e83897b2-ae95-4e43-aca9-2ee71ce4b6ec.sql,high,security/auth,inside_remote_range,,
20260207041450,20260207041450_af64214e-ccc3-4ba6-9877-1207146d7638.sql,high,chat/social,inside_remote_range,,
20260207151950,20260207151950_206afbf2-efd5-4dc0-b0d6-00c0eb5cd498.sql,high,security/auth,inside_remote_range,,
20260207173959,20260207173959_1863e97e-1bf5-4ce6-a8e7-81853b01ecbf.sql,high,infrastructure,inside_remote_range,,
20260207184512,20260207184512_e8109513-6510-46a8-b7ce-fc124a925d89.sql,high,security/auth,inside_remote_range,,
20260207185624,20260207185624_bdcf4a1a-7ae1-4951-96f0-293ea8e14c77.sql,high,security/auth,inside_remote_range,,
20260207191041,20260207191041_08f7cd99-d74b-493d-9e9e-e7acc70bdcca.sql,high,security/auth,inside_remote_range,,
20260207191944,20260207191944_fd11d364-c29e-4dcd-94b6-2c53bc083724.sql,high,security/auth,inside_remote_range,,
20260207193116,20260207193116_4779e856-e80c-4507-a687-e34812769e46.sql,high,security/auth,inside_remote_range,,
20260207194402,20260207194402_db726993-3b01-4f07-9773-2df773c6a510.sql,high,security/auth,inside_remote_range,,
20260207195603,20260207195603_3b7a9293-9f76-4ae2-a176-1b682e8b0eba.sql,high,security/auth,inside_remote_range,,
20260207202219,20260207202219_e73e5e66-1857-4a96-ac0b-23d5362b94f5.sql,high,security/auth,inside_remote_range,,
20260207202322,20260207202322_37ae332c-69d3-44a0-b8fb-80a84a4f7af6.sql,high,security/auth,inside_remote_range,,
20260207203234,20260207203234_cc9a3dcc-d44f-42c3-92d2-d27719d0371b.sql,high,security/auth,inside_remote_range,,
20260207204404,20260207204404_aeb2ecca-477e-4fc0-848d-389487b36f36.sql,high,security/auth,inside_remote_range,,
20260207205914,20260207205914_cf13a830-78aa-4c56-8a04-3ed5efbfdee4.sql,high,security/auth,inside_remote_range,,
20260207211037,20260207211037_1f777619-7936-437c-b1a7-8b2c01ec1771.sql,high,security/auth,inside_remote_range,,
20260207212942,20260207212942_73cc7c17-0689-43eb-bf7a-2116fe5a2fec.sql,high,security/auth,inside_remote_range,,
20260208013916,20260208013916_43a6d913-4d82-4f7e-b137-5adcb3c328a1.sql,high,chat/social,inside_remote_range,,
20260208020133,20260208020133_48beb849-0001-41c5-a794-439db9db0960.sql,high,chat/social,inside_remote_range,,
20260208025849,20260208025849_77f3b0ac-713e-46b0-bff4-ad2ce8d93778.sql,medium,travel/lodging,inside_remote_range,,
20260208034309,20260208034309_a59551f7-69af-454e-9c34-3e7c3451b3c3.sql,medium,travel/lodging,inside_remote_range,,
20260208041139,20260208041139_af10937c-4420-4513-be17-51c807d598e4.sql,medium,travel/lodging,inside_remote_range,,
20260208041931,20260208041931_6141e644-d462-4aff-ab40-40c7dba07e1c.sql,medium,travel/lodging,inside_remote_range,,
20260208155227,20260208155227_effa880c-cd45-4322-a570-04540d5b2c8e.sql,high,security/auth,inside_remote_range,,
20260208155942,20260208155942_37356217-d399-4d99-8605-17216546e256.sql,high,security/auth,inside_remote_range,,
20260208162236,20260208162236_32f48ee3-da24-49da-82d6-c4e130001708.sql,high,security/auth,inside_remote_range,,
20260208182918,20260208182918_8650197f-e2d5-4c56-b867-119c98e0389e.sql,high,security/auth,inside_remote_range,,
20260208190233,20260208190233_79d503b4-f4ef-4579-9fb8-d8618d83a825.sql,medium,general,inside_remote_range,,
20260208202302,20260208202302_025abf77-ff96-4883-8aef-a14b92bd7d45.sql,high,security/auth,inside_remote_range,,
20260208205622,20260208205622_d2f2b2ae-19f0-4756-a872-dcc7192ed6eb.sql,high,security/auth,inside_remote_range,,
20260208210014,20260208210014_96c6cc82-446b-4014-9f2f-71632c186589.sql,high,security/auth,inside_remote_range,,
20260208212208,20260208212208_303b33d8-f70d-46e2-94fc-53ff79bd3d5e.sql,high,security/auth,inside_remote_range,,
20260208220020,20260208220020_ce5b655b-c9d4-4c48-a554-10a06331919f.sql,high,security/auth,inside_remote_range,,
20260208220041,20260208220041_9a9f2c20-f628-42da-b2b3-adf21e510baa.sql,high,security/auth,inside_remote_range,,
20260208222244,20260208222244_e4c9a3da-186c-4cbe-8059-8530565eb593.sql,high,security/auth,inside_remote_range,,
20260208224822,20260208224822_e2720835-ec24-430b-9730-4067ec9c3a21.sql,high,security/auth,inside_remote_range,,
20260208231649,20260208231649_309140b6-1e92-46d7-afc3-a690692b5a7f.sql,high,security/auth,inside_remote_range,,
20260208233021,20260208233021_b48377e2-cba8-47ee-90ed-f409666e2c47.sql,high,security/auth,inside_remote_range,,
20260208234011,20260208234011_783633b7-42df-4d0c-bf82-3dae01317098.sql,high,security/auth,inside_remote_range,,
20260208234921,20260208234921_22c28b44-1454-455f-a699-6ba9a7f41339.sql,high,security/auth,inside_remote_range,,
20260209001958,20260209001958_0ac6d85f-0ca6-42a9-ad58-8fe612f7e00d.sql,high,security/auth,inside_remote_range,,
20260209004443,20260209004443_5b94e544-ada3-47eb-a94d-546cc9b9d7e9.sql,high,security/auth,inside_remote_range,,
20260209005807,20260209005807_3e5479c4-9733-45e1-9041-bd5167c95b32.sql,high,general,inside_remote_range,,
20260209010716,20260209010716_00b042ad-b884-4171-b1de-3bd1305a96cb.sql,high,security/auth,inside_remote_range,,
20260209012353,20260209012353_ac77cd30-7e42-4be9-9e3c-d7d028f126aa.sql,high,security/auth,inside_remote_range,,
20260209013033,20260209013033_b0aca59a-e5ad-4037-8e38-dba6ebefb239.sql,high,security/auth,inside_remote_range,,
20260209013535,20260209013535_f39f1654-ea62-4e0f-8468-b491be6d7494.sql,high,commerce/store,inside_remote_range,,
20260209015910,20260209015910_b5d146e2-8c7c-44da-8d66-57efe0c692b8.sql,medium,chat/social,inside_remote_range,,
20260209020941,20260209020941_f579fda1-4c47-4e99-b3b2-b69a5cfbef6d.sql,high,security/auth,inside_remote_range,,
20260209025314,20260209025314_bfcbc720-c909-4fd5-910c-0ac8090f3fc5.sql,high,security/auth,inside_remote_range,,
20260209030514,20260209030514_5371bf46-1628-4a45-b952-fb11bfdf0d44.sql,high,commerce/store,inside_remote_range,,
20260209041612,20260209041612_e49a4c62-4970-4b96-afa4-01ad575c182a.sql,high,chat/social,inside_remote_range,,
20260209042258,20260209042258_9b7c8edd-3d7e-4481-b410-a33832301325.sql,high,security/auth,inside_remote_range,,
20260209042856,20260209042856_b8733ed0-3602-441d-86ca-b3c6df19e49a.sql,high,security/auth,inside_remote_range,,
20260209043524,20260209043524_eb96df1b-cdf1-47a4-a148-764dc8bc7543.sql,high,security/auth,inside_remote_range,,
20260209051125,20260209051125_5495cc94-b75e-4ba1-9b25-de1ec080e440.sql,high,security/auth,inside_remote_range,,
20260209152919,20260209152919_44d1ef71-df56-4010-92a4-e1ade05ee5b6.sql,high,security/auth,inside_remote_range,,
20260209154531,20260209154531_7749c78f-e681-4770-a32d-88d2393b0d00.sql,medium,commerce/store,inside_remote_range,,
20260209163243,20260209163243_158b7ccb-f4bf-4f08-b5bf-92d0d0d98006.sql,high,commerce/store,inside_remote_range,,
20260209164955,20260209164955_f3c2d4e3-7d24-4b0d-aeea-e92db10c1684.sql,high,security/auth,inside_remote_range,,
20260209170613,20260209170613_c977a65b-0fd7-4b63-8efa-8d5e07f79b88.sql,medium,security/auth,inside_remote_range,,
20260209192748,20260209192748_0c0d04e4-0173-418b-bce3-c84b9bfeb383.sql,high,security/auth,inside_remote_range,,
20260209193903,20260209193903_5739f1f1-1a90-4228-9a75-b0a6144a1c77.sql,high,security/auth,inside_remote_range,,
20260209211046,20260209211046_a32cf074-3a5a-4ec6-a015-6ae289dcc380.sql,high,security/auth,inside_remote_range,,
20260209232914,20260209232914_a8bfba46-6271-41ce-9665-6d7123804c6d.sql,high,security/auth,inside_remote_range,,
20260210015115,20260210015115_bdaa82a9-e8ae-4058-86f5-d360da8dfd09.sql,high,security/auth,inside_remote_range,,
20260210171231,20260210171231_e86d3907-d0cd-49a0-bada-35a8be508257.sql,high,security/auth,inside_remote_range,,
20260210180535,20260210180535_e53f75b8-724d-4da0-920e-4d29ec191e44.sql,high,security/auth,inside_remote_range,,
20260211034653,20260211034653_554ada73-d048-4a89-b1aa-9f7e4e0b15e8.sql,high,security/auth,inside_remote_range,,
20260212001841,20260212001841_9f6a4456-d268-42e9-b738-3a458253d15d.sql,high,security/auth,inside_remote_range,,
20260212003324,20260212003324_550be344-2f38-4e49-bf7c-1cc64e3b4ff6.sql,high,security/auth,inside_remote_range,,
20260212004714,20260212004714_fee40983-05f8-45ee-a713-bef0e6afeba7.sql,high,security/auth,inside_remote_range,,
20260212193717,20260212193717_7f08b61d-0ab1-4200-97fc-63caf717acc8.sql,high,chat/social,inside_remote_range,,
20260213005402,20260213005402_fda0e32d-702d-43d8-aa30-d72d6e3f88f1.sql,high,security/auth,inside_remote_range,,
20260213020147,20260213020147_e4cf1924-1fe5-413b-8816-c9eb7aec9915.sql,medium,commerce/store,inside_remote_range,,
20260213144717,20260213144717_1d0b58a4-6422-414b-b2d6-aa22c9219988.sql,medium,general,inside_remote_range,,
20260213145143,20260213145143_8a97e5d6-26a8-4841-aa9f-a61603ce2a0b.sql,high,security/auth,inside_remote_range,,
20260213201637,20260213201637_1473a0b0-1eec-4d0f-a31e-23e856513214.sql,high,security/auth,inside_remote_range,,
20260213211801,20260213211801_5b61a2d3-b8b8-440c-a3f4-afd67205fcc3.sql,high,security/auth,inside_remote_range,,
20260213223755,20260213223755_36dba0c6-9fbe-4038-a1ad-f365f416bf29.sql,high,security/auth,inside_remote_range,,
20260214021804,20260214021804_2ecd4658-c91c-40e6-8fee-611de8eb8362.sql,high,security/auth,inside_remote_range,,
20260214212150,20260214212150_f4a898eb-8964-4558-bc51-ee609e17db82.sql,high,commerce/store,inside_remote_range,,
20260214223346,20260214223346_cafc93f6-b26c-4ed9-ace3-9626e9bb8ae7.sql,high,security/auth,inside_remote_range,,
20260214224919,20260214224919_50ccfb30-3ffb-4111-bbe1-290fcff2e9ca.sql,high,security/auth,inside_remote_range,,
20260215000516,20260215000516_1168c66b-9bc9-4483-bc8e-f478da801d94.sql,high,security/auth,inside_remote_range,,
20260215000647,20260215000647_87566436-21cf-48ae-91a8-6c6135830e4a.sql,high,security/auth,inside_remote_range,,
20260226184042,20260226184042_d47b91e2-c22b-402f-a492-b927e75c8abf.sql,high,security/auth,inside_remote_range,,
20260226184402,20260226184402_57113afd-4f82-4cdb-b388-16fa42969ca1.sql,high,security/auth,inside_remote_range,,
20260226203519,20260226203519_c8b763e6-b0b4-474f-8053-dec6808d9a47.sql,high,security/auth,inside_remote_range,,
20260226203612,20260226203612_bd4ce01d-2c46-49de-9351-b7dad5cbfd1a.sql,medium,travel/lodging,inside_remote_range,,
20260307044721,20260307044721_32d8fcf4-cd1d-4e18-a319-43cdf612a01a.sql,high,general,inside_remote_range,,
20260308014352,20260308014352_989e4165-c327-4289-b530-a15afb48eaed.sql,high,commerce/store,inside_remote_range,,
20260310194109,20260310194109_1d752d69-51ed-4cf5-aeee-25aa645186da.sql,medium,travel/lodging,inside_remote_range,,
20260310210956,20260310210956_395c431c-5574-4fe4-88a0-0d15879ca64e.sql,high,commerce/store,inside_remote_range,,
20260310211034,20260310211034_b11d9c33-8ab0-41c8-ac44-0d6991f7da5c.sql,high,commerce/store,inside_remote_range,,
20260310211109,20260310211109_5e814d94-2a3f-42f1-b243-8d179d3db6d6.sql,high,infrastructure,inside_remote_range,,
20260310211146,20260310211146_39334887-604d-4717-b372-db0dd3321a90.sql,high,commerce/store,inside_remote_range,,
20260312153908,20260312153908_64f6cd7e-6497-481d-b74a-3cbe36705b7f.sql,high,security/auth,inside_remote_range,,
20260312154330,20260312154330_9b8149e4-0f6f-4115-828d-607b319bd493.sql,high,security/auth,inside_remote_range,,
20260312160848,20260312160848_06f903af-aae7-4acd-bcfc-8f36aae83aed.sql,high,security/auth,inside_remote_range,,
20260312162056,20260312162056_6d574b6f-1566-472a-ac0a-b79ca6ec205e.sql,high,commerce/store,inside_remote_range,,
20260313174623,20260313174623_6c192c8d-1329-4545-b7be-195a812076a3.sql,high,security/auth,inside_remote_range,,
20260313183015,20260313183015_39b9bb85-40db-4389-b24f-8d6fa4a74455.sql,high,security/auth,inside_remote_range,,
20260313183108,20260313183108_2af531b1-5ed6-48e3-9fad-121f796ca2bd.sql,high,security/auth,inside_remote_range,,
20260314151446,20260314151446_ee0a7b55-d306-484c-a6b5-8ac8689a5dbf.sql,high,security/auth,inside_remote_range,,
20260314203221,20260314203221_f300e81d-8fd0-4b2f-9a5f-9497f89587d3.sql,medium,travel/lodging,inside_remote_range,,
20260320031834,20260320031834_5f881417-7552-4d80-b161-b2d31f324759.sql,high,security/auth,inside_remote_range,,
20260320051352,20260320051352_e06338a4-4fc3-4231-99fe-ecd23ac2312c.sql,high,security/auth,inside_remote_range,,
20260320165237,20260320165237_8efad9ff-ae0d-4d29-9731-d1d1a159eb25.sql,high,security/auth,inside_remote_range,,
20260320215419,20260320215419_68a901dd-e4da-47e9-8cf3-fc49a315ced4.sql,medium,travel/lodging,inside_remote_range,,
20260320221336,20260320221336_fb7850e9-aab4-4e95-a832-16d0df747e68.sql,high,travel/lodging,inside_remote_range,,
20260320222624,20260320222624_f92876c1-93b4-4ff4-bb90-60d1bea76bfd.sql,high,travel/lodging,inside_remote_range,,
20260321182451,20260321182451_495d2162-7f39-4d9c-9935-7a7e9e994bcb.sql,high,security/auth,inside_remote_range,,
20260321183752,20260321183752_7b21c9c0-5e59-4ce2-a40c-4fd7b18178a0.sql,high,security/auth,inside_remote_range,,
20260321194556,20260321194556_142e60fa-5d61-4e9c-9b35-2723dc496e76.sql,high,travel/lodging,inside_remote_range,,
20260321205056,20260321205056_4161e63b-4773-48f6-aa8e-8e2264231492.sql,high,general,inside_remote_range,,
20260321224836,20260321224836_0f03d597-9589-417e-ac08-ee4e5cd4e1df.sql,high,security/auth,inside_remote_range,,
20260322003740,20260322003740_17b1dd36-9275-4cfc-90d2-5bafdaaea0ea.sql,high,travel/lodging,inside_remote_range,,
20260322153308,20260322153308_eecd07ac-9a64-46c2-bb7e-0eb0df1832a5.sql,high,security/auth,inside_remote_range,,
20260322153341,20260322153341_464ba28f-0e13-493a-b9d8-67f18b0062a3.sql,high,security/auth,inside_remote_range,,
20260323163601,20260323163601_af922c52-9c8a-463a-b6cb-fb016fe1d8cd.sql,medium,general,inside_remote_range,,
20260323164018,20260323164018_07cb7eb3-b9c4-4213-910a-eb5df1af1bcf.sql,medium,general,inside_remote_range,,
20260324021732,20260324021732_f6188254-2969-4573-b400-26e8775733fe.sql,high,security/auth,inside_remote_range,,
20260324022335,20260324022335_b68c087e-b7ce-4e79-8eab-6b042da9a517.sql,high,security/auth,inside_remote_range,,
20260324204313,20260324204313_66db5e03-735a-49a1-a049-97eb967dfa3e.sql,medium,travel/lodging,inside_remote_range,,
20260324204856,20260324204856_5951bf5a-c807-4b50-9f33-8ac4299557b2.sql,high,travel/lodging,inside_remote_range,,
20260325162103,20260325162103_4789f43e-e3e6-4e76-a349-a53b29d50d36.sql,high,security/auth,inside_remote_range,,
20260325162616,20260325162616_32f7807f-25b6-49bc-8037-541c6019dd3b.sql,medium,security/auth,inside_remote_range,,
20260325163608,20260325163608_cec1a591-261f-49a6-ade2-a80fed24c0fd.sql,high,security/auth,inside_remote_range,,
20260325163639,20260325163639_1eff878f-1a5b-4652-b398-2c025b0c2808.sql,high,security/auth,inside_remote_range,,
20260325164107,20260325164107_e28fc81f-7406-450e-b49f-1b99ce3797c6.sql,high,security/auth,inside_remote_range,,
20260325165235,20260325165235_72a3131e-c731-4e39-bdae-e02510823b51.sql,high,security/auth,inside_remote_range,,
20260325221311,20260325221311_e782f91b-92f5-4508-a505-4773264b750e.sql,high,security/auth,inside_remote_range,,
20260325223327,20260325223327_cade0c7c-23a4-4512-8682-36bda4b5ff75.sql,high,security/auth,inside_remote_range,,
20260325230716,20260325230716_882171ba-4305-418e-a6a2-8d100405b6a6.sql,high,security/auth,inside_remote_range,,
20260325232654,20260325232654_187a450d-1aa3-4367-a94e-0ef59011ea8a.sql,high,commerce/store,inside_remote_range,,
20260326000020,20260326000020_f0dadfa7-5b0c-4830-8b9c-05df8062fc8d.sql,high,commerce/store,inside_remote_range,,
20260326003702,20260326003702_da71f438-6faa-49b5-8d33-a6d73827941b.sql,high,security/auth,inside_remote_range,,
20260326015205,20260326015205_6688ad3b-d84a-4947-9d63-59d074c17bcb.sql,high,commerce/store,inside_remote_range,,
20260326020000,20260326020000_db6e46aa-d4e5-4dfe-afd3-698ae9088ff5.sql,high,commerce/store,inside_remote_range,,
20260326032556,20260326032556_1d50ebc0-2f1b-42b0-9190-ee1d920468e9.sql,high,commerce/store,inside_remote_range,,
20260326033313,20260326033313_a576740e-8bc9-48e5-b5c5-3295503caf73.sql,high,commerce/store,inside_remote_range,,
20260326175856,20260326175856_bc38c1fd-17a3-4ceb-ac49-9e5ab6e13005.sql,high,security/auth,inside_remote_range,,
20260326192414,20260326192414_17c6c9bf-1248-4ce6-8877-d8c9ac8a0e6e.sql,high,security/auth,inside_remote_range,,
20260326192611,20260326192611_e6b5265c-7fb9-4d15-8802-2071357bf584.sql,medium,security/auth,inside_remote_range,,
20260326192648,20260326192648_051c325f-0d92-47e3-b3d7-381edd351132.sql,high,security/auth,inside_remote_range,,
20260326194331,20260326194331_79254246-7d43-4863-af3c-e5dd9b6b05a9.sql,high,security/auth,inside_remote_range,,
20260326194530,20260326194530_e5f40e62-c71c-4311-aa0f-0a638b9c792f.sql,high,security/auth,inside_remote_range,,
20260326195114,20260326195114_cd24c855-0513-406c-9906-a07b90fdfd94.sql,high,security/auth,inside_remote_range,,
20260326202539,20260326202539_3298121e-84c7-4d56-974f-3f1a46b6fb61.sql,medium,security/auth,inside_remote_range,,
20260327042551,20260327042551_d1cfc71c-d13f-4b6a-be7b-0fc6db2cbae2.sql,high,security/auth,inside_remote_range,,
20260327042914,20260327042914_f6d38a45-d096-4707-85d1-76957cfe67a0.sql,high,security/auth,inside_remote_range,,
20260327141408,20260327141408_b7fddd44-9b02-4607-95d5-a724248ab7f3.sql,high,commerce/store,inside_remote_range,,
20260327175644,20260327175644_a0b115f1-da26-4464-9844-fae3333ec7cb.sql,high,security/auth,inside_remote_range,,
20260327183934,20260327183934_c9da7643-3b74-4923-92b4-797b73938c75.sql,high,security/auth,inside_remote_range,,
20260327213729,20260327213729_a20751cd-ed47-436a-9a58-e67b4a128129.sql,high,security/auth,inside_remote_range,,
20260327213806,20260327213806_332df5e0-c9ec-47d8-85e8-d88232745bc2.sql,high,security/auth,inside_remote_range,,
20260327222201,20260327222201_dce4aa08-9dc2-4a14-83dd-f59d8be9d889.sql,high,security/auth,inside_remote_range,,
20260327223203,20260327223203_d197b1ae-e8b2-457c-a41c-b6dc643bab2d.sql,medium,security/auth,inside_remote_range,,
20260327230214,20260327230214_7be63394-a4c6-483f-a918-1c5abdaf6a3e.sql,high,security/auth,inside_remote_range,,
20260328000613,20260328000613_a05f314b-b735-46f0-9100-7d55bf600bf5.sql,high,security/auth,inside_remote_range,,
20260328010545,20260328010545_b364b847-2d46-422c-aed1-687e2c97c3b6.sql,medium,travel/lodging,inside_remote_range,,
20260328011451,20260328011451_0ebe8b0e-e2ca-4c09-bf33-45a39198c930.sql,medium,general,inside_remote_range,,
20260328201133,20260328201133_1dbde7c1-075f-4470-972d-8137d2351d69.sql,high,chat/social,inside_remote_range,,
20260328201809,20260328201809_684b9c35-99d4-4bae-a859-f5ebdfbc02bb.sql,high,security/auth,inside_remote_range,,
20260329020949,20260329020949_0f26e31a-31dc-4a90-8d6f-7e64f9e7c4b7.sql,high,chat/social,inside_remote_range,,
20260329163546,20260329163546_c33d57bd-f62d-4ab1-8a6d-159159ebb68c.sql,high,security/auth,inside_remote_range,,
20260329171042,20260329171042_0bc53da9-7346-4f91-b53d-4543715c722e.sql,high,security/auth,inside_remote_range,,
20260330155158,20260330155158_6c027947-9436-48f9-a223-081590f34bfc.sql,high,security/auth,inside_remote_range,,
20260330160243,20260330160243_5a167c8a-ea64-4aff-b432-f0bb695d5826.sql,high,security/auth,inside_remote_range,,
20260330161253,20260330161253_36fe113f-81f1-4ee8-b7bf-59ade26513de.sql,high,security/auth,inside_remote_range,,
20260330162913,20260330162913_6a0a1ab0-c13e-45bc-b2d3-31b848e4179e.sql,high,security/auth,inside_remote_range,,
20260330173000,20260330173000_8b4f4f26-7036-4e35-9d37-65ab70f88df4.sql,high,security/auth,inside_remote_range,,
20260331000243,20260331000243_bf3bfc3c-f9a3-4d55-bf78-e7cbe11d00d9.sql,high,security/auth,inside_remote_range,,
20260331000554,20260331000554_0df4ae1d-d591-4cdc-a6e4-75e1305f40f0.sql,high,security/auth,inside_remote_range,,
20260331022139,20260331022139_0960ad68-2dae-4fab-ad0c-dc208eddbaf5.sql,low,security/auth,inside_remote_range,,
20260331023751,20260331023751_eb5c2006-7837-4f97-a166-1ea29895a522.sql,high,security/auth,inside_remote_range,,
20260331024157,20260331024157_f8451242-12cb-4e5d-a3ee-63f7187f0851.sql,high,security/auth,inside_remote_range,,
20260331031321,20260331031321_e44aa4c6-cba3-4eef-9734-934497d3b399.sql,high,security/auth,inside_remote_range,,
20260331034308,20260331034308_60e42478-e455-4d6b-9c07-1b40b593c887.sql,high,security/auth,inside_remote_range,,
20260401001258,20260401001258_4698ed79-cbf5-49c4-a9a3-cf7099827173.sql,high,security/auth,inside_remote_range,,
20260401012630,20260401012630_7af50ea9-8387-4c47-aec2-1685031a0346.sql,high,security/auth,inside_remote_range,,
20260401012656,20260401012656_bad3d4d6-a93a-42ba-8172-f1f777f16b33.sql,high,security/auth,inside_remote_range,,
20260401013342,20260401013342_1e1f395a-4397-4851-8ca5-e680edb68bd3.sql,high,general,inside_remote_range,,
20260401013740,20260401013740_b502d2bd-6ab4-43a7-b436-a7483155d63f.sql,high,security/auth,inside_remote_range,,
20260401014106,20260401014106_92b98810-80cc-4d1f-8296-ab3241539f81.sql,high,security/auth,inside_remote_range,,
20260401014553,20260401014553_79387601-8da8-4d75-9940-c56bf1622c9c.sql,high,security/auth,inside_remote_range,,
20260401015037,20260401015037_d9d0d69f-0b52-417b-a172-11e20760ed6a.sql,high,security/auth,inside_remote_range,,
20260401155348,20260401155348_2e8b6cd3-742c-4289-aa83-a29c2671e84a.sql,high,security/auth,inside_remote_range,,
20260401155915,20260401155915_c1a047e5-1771-4715-a347-c80a65b80e36.sql,high,security/auth,inside_remote_range,,
20260401161423,20260401161423_8a0e19a6-197e-478d-bf18-35289f902fa5.sql,high,security/auth,inside_remote_range,,
20260402024346,20260402024346_a4e21110-fd88-4764-ac57-2487fbc9a7ec.sql,high,security/auth,inside_remote_range,,
20260402145723,20260402145723_d50ef9a6-b59b-48b1-9e61-32cc73467dc0.sql,high,security/auth,inside_remote_range,,
20260402153243,20260402153243_fb04acb3-14b2-470e-9186-f94cfeb0733a.sql,high,security/auth,inside_remote_range,,
20260402153340,20260402153340_1d7f5a15-fcfb-401b-8bbc-47a3ef10366c.sql,high,security/auth,inside_remote_range,,
20260402163109,20260402163109_c794112e-e9e2-4126-869a-1e31470b7bbd.sql,high,security/auth,inside_remote_range,,
20260402165646,20260402165646_a5b1440c-b97d-427c-ae28-6704141f6551.sql,high,security/auth,inside_remote_range,,
20260402170615,20260402170615_8ba09ecd-5c16-43ff-959a-e8feb2ad9443.sql,high,security/auth,inside_remote_range,,
20260402171543,20260402171543_11cbe4a8-6e30-4992-91bc-228d3531df79.sql,high,security/auth,inside_remote_range,,
20260402173724,20260402173724_db26800e-c7a9-48e3-84f1-37a1733b1663.sql,high,security/auth,inside_remote_range,,
20260402173911,20260402173911_24938198-1126-408b-ad8b-433747c47605.sql,high,security/auth,inside_remote_range,,
20260402200741,20260402200741_982a7061-4161-4029-acba-9d367b380162.sql,high,security/auth,inside_remote_range,,
20260402200819,20260402200819_0ab0d047-6377-475b-aef8-1e2972701f9c.sql,high,security/auth,inside_remote_range,,
20260402200857,20260402200857_beecb2c5-ead9-4688-9c82-3f648f656d52.sql,high,security/auth,inside_remote_range,,
20260402202632,20260402202632_cb42899e-5f6e-48af-9f8a-fbcf1b77ce7f.sql,high,security/auth,inside_remote_range,,
20260402202700,20260402202700_6466f8c4-1fe6-429f-bff2-9b67d12f20bc.sql,high,security/auth,inside_remote_range,,
20260402203647,20260402203647_2e8c4bc6-6b77-461d-acb2-3e8be31f696d.sql,high,chat/social,inside_remote_range,,
20260402204330,20260402204330_4c9b3edc-66dd-4d92-b123-f8c82b830595.sql,high,security/auth,inside_remote_range,,
20260402205216,20260402205216_fd24d35b-d9ac-4a3e-85f0-5632e3d9106b.sql,high,security/auth,inside_remote_range,,
20260402210401,20260402210401_b4d9ca67-e6ec-4446-b105-0be4fa5d22c0.sql,high,security/auth,inside_remote_range,,
20260403004042,20260403004042_6c0a0bfa-c5b3-471c-a3b8-700561c1a7d3.sql,high,chat/social,inside_remote_range,,
20260403014030,20260403014030_3a52dd89-fbf2-4cb5-9982-de60c5686f4f.sql,low,security/auth,inside_remote_range,,
20260403023241,20260403023241_630fd741-21c1-40f4-bad6-248f73e3425a.sql,high,security/auth,inside_remote_range,,
20260403032155,20260403032155_9b96a76d-d557-4f58-8ada-67d3477d88ce.sql,high,security/auth,inside_remote_range,,
20260403032746,20260403032746_bb13026a-9481-43de-b55f-9e41f66a218f.sql,high,security/auth,inside_remote_range,,
20260403042445,20260403042445_f18ec5ff-e40e-4aec-8876-4bf23f414a87.sql,high,security/auth,inside_remote_range,,
20260403043546,20260403043546_a2d4501d-f947-4d52-879b-eb58621fdf2a.sql,high,security/auth,inside_remote_range,,
20260403133221,20260403133221_040e3d33-637a-4506-99b3-b2a638884ff2.sql,high,security/auth,inside_remote_range,,
20260403134517,20260403134517_5d561eeb-2133-4898-8b5f-320e2f0f9429.sql,high,security/auth,inside_remote_range,,
20260403141649,20260403141649_0f3d28ca-54fe-450f-863a-f0e471f03d15.sql,high,security/auth,inside_remote_range,,
20260403141945,20260403141945_8faf7c24-2123-411b-b581-9533de928825.sql,high,security/auth,inside_remote_range,,
20260403142229,20260403142229_38385a88-1211-41b2-9e99-11ed291c8859.sql,high,security/auth,inside_remote_range,,
20260403142515,20260403142515_592870b6-4000-437a-99a2-84be5908b94d.sql,high,security/auth,inside_remote_range,,
20260403142647,20260403142647_c6037f54-60d7-4ab8-ba14-a542b5ee0233.sql,high,security/auth,inside_remote_range,,
20260403142741,20260403142741_925cfc37-2eea-4e9d-bcbb-99e513c1d8b7.sql,high,security/auth,inside_remote_range,,
20260403142852,20260403142852_7a9573e7-bb0e-4781-9fc7-8730cecefc6b.sql,high,security/auth,inside_remote_range,,
20260403143028,20260403143028_1128f369-998d-4837-acf7-0bd5a3ef2ba0.sql,high,security/auth,inside_remote_range,,
20260403154129,20260403154129_8067b4a9-0cf5-4222-b669-08138cebe386.sql,high,security/auth,inside_remote_range,,
20260403181922,20260403181922_dcd0f4bc-ca16-4dda-80f1-f4f875da567e.sql,high,security/auth,inside_remote_range,,
20260403182353,20260403182353_44e78de3-7617-4b2c-86d3-0f059d3bbe1e.sql,high,security/auth,inside_remote_range,,
20260403183326,20260403183326_fdd474d3-31f0-4657-8ccd-9bbd9b2fd74d.sql,high,security/auth,inside_remote_range,,
20260403225024,20260403225024_c858dd77-420d-4df4-9588-f6f938e319d9.sql,high,travel/lodging,inside_remote_range,,
20260403233817,20260403233817_bc9d2a36-4d3d-4a6b-b3ef-a021e57ce6a8.sql,high,security/auth,inside_remote_range,,
20260403234416,20260403234416_5f085108-716b-4fb4-a723-c7b961032910.sql,high,chat/social,inside_remote_range,,
20260404032247,20260404032247_3b88d1eb-1767-4b64-9570-27d3d045c7e0.sql,high,security/auth,inside_remote_range,,
20260404032317,20260404032317_1b1b4027-b30f-410a-ae29-6281279de9d4.sql,high,infrastructure,inside_remote_range,,
20260404211726,20260404211726_ed5eb1ef-8cad-49f3-b62f-e8232fc8cd46.sql,high,security/auth,inside_remote_range,,
20260404214754,20260404214754_9ba86922-f9e2-4284-a05c-c6a6581abb84.sql,high,security/auth,inside_remote_range,,
20260404214828,20260404214828_d3513d03-2854-4b80-bc98-4812bf562f23.sql,high,infrastructure,inside_remote_range,,
20260404231528,20260404231528_4aae40a5-6228-4f6b-b334-430bc3ddda58.sql,high,security/auth,inside_remote_range,,
20260405001024,20260405001024_c4231ee4-dbd4-4f29-8788-4e4b538cc8c5.sql,high,commerce/store,inside_remote_range,,
20260405003315,20260405003315_6cc39287-a3be-400a-9a1c-e75a35c1e100.sql,high,security/auth,inside_remote_range,,
20260405012507,20260405012507_3cd66edd-7c93-4049-ad43-15680413e148.sql,high,commerce/store,inside_remote_range,,
20260405020531,20260405020531_0b46a8a1-8f16-47ed-bb97-6cf9047b4ab2.sql,high,security/auth,inside_remote_range,,
20260405030540,20260405030540_8a037a3c-69d9-42ba-8e14-92b3895676f6.sql,high,security/auth,inside_remote_range,,
20260405033436,20260405033436_fd16d5de-73ab-4cde-9913-d8f79956b81e.sql,high,commerce/store,inside_remote_range,,
20260405131000,20260405131000_device_tokens_unique_token.sql,high,commerce/store,inside_remote_range,,
20260406015724,20260406015724_e77a92b5-287a-420a-b3aa-f76e73490998.sql,high,security/auth,inside_remote_range,,
20260406020001,20260406020001_meta_capi_bridge_webhooks.sql,high,chat/social,inside_remote_range,,
20260406061300,20260406061300_42af212f-257b-4941-8a11-53fa5a4fe9fa.sql,high,security/auth,inside_remote_range,,
20260406091500,20260406091500_super_app_architecture.sql,high,security/auth,inside_remote_range,,
20260406093000,20260406093000_launch_security_deeplink_pulse.sql,high,security/auth,inside_remote_range,,
20260406094500,20260406094500_admin_wallet_ledger.sql,high,security/auth,inside_remote_range,,
20260406180635,20260406180635_bfb89629-4d9d-4b5d-8b74-73da2bf0a7a3.sql,high,security/auth,inside_remote_range,,
20260406182007,20260406182007_c85f87cc-357a-4715-8595-5ae249f17bb1.sql,high,chat/social,inside_remote_range,,
20260407013601,20260407013601_b2ab3302-a83f-4900-8ad1-28334fa75eb9.sql,high,security/auth,inside_remote_range,,
20260407013633,20260407013633_6b7bb674-2368-4282-86d3-32bd4d40239c.sql,high,security/auth,inside_remote_range,,
20260407025349,20260407025349_dda11da9-9743-434a-b6bb-9cd6b4d3f339.sql,high,security/auth,inside_remote_range,,
20260407025953,20260407025953_6f916acd-4728-466e-adf5-8aeee9971bdd.sql,high,security/auth,inside_remote_range,,
20260407030314,20260407030314_e4b6ce5a-83b4-41cf-8ff5-eafb66b3b418.sql,high,security/auth,inside_remote_range,,
20260407031403,20260407031403_441b5273-e24c-40e1-b173-84411e021a99.sql,high,security/auth,inside_remote_range,,
20260407031433,20260407031433_92922a37-1875-45dd-9599-ffb2e324d389.sql,high,security/auth,inside_remote_range,,
20260407032335,20260407032335_79c0296d-d68d-4bd3-916c-4b05bd20917b.sql,high,security/auth,inside_remote_range,,
20260407033854,20260407033854_c5ae8fec-5b92-4aec-a640-9a617d3932b6.sql,high,security/auth,inside_remote_range,,
20260407040554,20260407040554_847c187e-41de-4eb6-9d70-3435a0413e01.sql,high,security/auth,inside_remote_range,,
20260407160336,20260407160336_64b7cddb-16c0-44af-b8d1-7e6d15a699cc.sql,high,chat/social,inside_remote_range,,
20260407160559,20260407160559_c9e68cc0-8a2d-4ef4-9aa6-08532146be2b.sql,high,security/auth,inside_remote_range,,
20260408020512,20260408020512_e2ebf67c-18ef-49c7-a06d-96e6b36791a9.sql,high,security/auth,inside_remote_range,,
20260408020628,20260408020628_0fef232d-914e-404a-a70c-7faf5dae0e54.sql,high,chat/social,inside_remote_range,,
20260408035554,20260408035554_4aef1551-8ec0-42f1-96be-6cf36bfdc6ef.sql,high,security/auth,inside_remote_range,,
20260408042254,20260408042254_b062d12b-a40c-4d08-8d09-a219fcc72966.sql,high,security/auth,inside_remote_range,,
20260408125548,20260408125548_f9167eb7-9c05-4b47-b88a-45870dff9bee.sql,high,security/auth,inside_remote_range,,
20260408202155,20260408202155_05b0a4b6-588c-406d-91a8-346b13a2b3af.sql,high,security/auth,inside_remote_range,,
20260408205546,20260408205546_48a59ef3-3ccb-4275-bbeb-602b7561abb8.sql,high,security/auth,inside_remote_range,,
20260408214827,20260408214827_fbcfa7e9-5252-417f-a43c-62e05ba217c0.sql,high,security/auth,inside_remote_range,,
20260409031704,20260409031704_77da3445-c50c-47c6-935e-e7b54f52fa60.sql,high,security/auth,inside_remote_range,,
20260409031945,20260409031945_bf9ac661-581b-4df3-b4b2-f132e857cca7.sql,high,security/auth,inside_remote_range,,
20260409043104,20260409043104_17790118-7ba0-431d-b70b-b6a8a6172d46.sql,high,security/auth,inside_remote_range,,
20260409043334,20260409043334_7f583500-bc39-40fa-95f4-6a24db436104.sql,high,security/auth,inside_remote_range,,
20260409165855,20260409165855_0c8c6e40-d2f3-410a-8524-be5f3058c525.sql,high,security/auth,inside_remote_range,,
20260409171821,20260409171821_bc226004-610e-4a2d-9ca7-c7f34763f8bf.sql,high,security/auth,inside_remote_range,,
20260409172230,20260409172230_65f6fc88-1bb4-4dfb-a682-7795330af854.sql,high,security/auth,inside_remote_range,,
20260409172900,20260409172900_b7b19f66-fba2-4a61-9f24-0f00ef38da93.sql,high,security/auth,inside_remote_range,,
20260409235043,20260409235043_de4783bd-f2ab-4111-8ea7-31fb5b65b2fc.sql,high,security/auth,inside_remote_range,,
20260410001202,20260410001202_1ebd52bb-434e-4d46-9351-ab6bd604a38f.sql,high,general,inside_remote_range,,
20260410010755,20260410010755_35ddd526-027f-4087-9002-466fc2f1cd01.sql,high,security/auth,inside_remote_range,,
20260410235557,20260410235557_2effa323-241d-4fea-b0cc-7697553867ad.sql,high,security/auth,inside_remote_range,,
20260411000026,20260411000026_824527d0-7a79-4eb7-9546-6352ef52aef9.sql,high,security/auth,inside_remote_range,,
20260411124500,20260411124500_chat_security_enforcement.sql,high,security/auth,inside_remote_range,,
20260411133500,20260411133500_chat_security_rate_limit.sql,high,security/auth,inside_remote_range,,
20260411143000,20260411143000_chat_sender_quarantine_controls.sql,high,security/auth,inside_remote_range,,
20260411152000,20260411152000_chat_resilience_limits.sql,high,security/auth,inside_remote_range,,
20260411160000,20260411160000_security_sentinel_project.sql,high,security/auth,inside_remote_range,,
20260411170000,20260411170000_auth_shield_lockout.sql,high,security/auth,inside_remote_range,,
20260411171431,20260411171431_aaa38013-ea70-461e-acb1-db94e7d4c43d.sql,high,security/auth,inside_remote_range,,
20260411171723,20260411171723_9827c346-3c5e-456b-99a7-1e40c4715036.sql,high,security/auth,inside_remote_range,,
20260411175000,20260411175000_auth_shield_admin_controls.sql,high,security/auth,inside_remote_range,,
20260411183000,20260411183000_auth_shield_anomaly_detection.sql,high,security/auth,inside_remote_range,,
20260411190000,20260411190000_auth_shield_playbooks.sql,high,security/auth,inside_remote_range,,
20260411213802,20260411213802_0402a547-6c4a-428a-8d0e-1d0ef5ba5287.sql,high,security/auth,inside_remote_range,,
20260413153914,20260413153914_06e4c3cd-0d36-41a6-b56d-a0b58f0fc2e1.sql,medium,chat/social,inside_remote_range,,
20260415015212,20260415015212_c5a25c0f-eb2c-4e0c-b585-004ff757eca1.sql,high,security/auth,inside_remote_range,,
20260416151632,20260416151632_c60591a3-cb07-4c3b-8b6b-b784dbb70d28.sql,high,security/auth,inside_remote_range,,
20260416151755,20260416151755_1409da00-de24-459c-a7d8-d8b51ca26133.sql,medium,general,inside_remote_range,,
20260416154014,20260416154014_d98d125e-d07c-44af-840c-2c1189bbdb6e.sql,high,security/auth,inside_remote_range,,
20260416220934,20260416220934_89a5b53a-b558-4168-97e1-4531e927ea9a.sql,high,security/auth,inside_remote_range,,
20260416221048,20260416221048_0f31f0b9-82b4-43b1-b93e-9608ded3685e.sql,high,security/auth,inside_remote_range,,
20260416222856,20260416222856_adebc90f-8caf-438e-8625-a0c0bbee3e21.sql,high,security/auth,inside_remote_range,,
20260417005400,20260417005400_efa24bc3-e134-4f14-9134-d7779cbe329a.sql,high,security/auth,inside_remote_range,,
20260417025919,20260417025919_a6faff21-3c0a-4100-a1f8-4edddac6705f.sql,high,security/auth,inside_remote_range,,
20260417161930,20260417161930_015bb17f-4e8b-4cb4-898c-509955879db5.sql,high,security/auth,inside_remote_range,,
20260417170142,20260417170142_78496957-d5e1-472d-a5df-61874d804bea.sql,high,security/auth,inside_remote_range,,
20260417171131,20260417171131_ad509f89-f4f7-41bc-a806-9ee6e6217ae1.sql,high,security/auth,inside_remote_range,,
20260417180144,20260417180144_4d8972bb-fbdb-4660-abb6-1078db260c23.sql,high,security/auth,inside_remote_range,,
20260417181623,20260417181623_a3ae0a15-681f-4a68-a5ff-70b4549735ab.sql,high,security/auth,inside_remote_range,,
20260417181833,20260417181833_95b05e9a-1c86-4423-b964-a4638a293b7b.sql,low,general,inside_remote_range,,
20260417182521,20260417182521_e107d5be-95b0-44b6-8645-f7544a839641.sql,high,security/auth,inside_remote_range,,
20260417183231,20260417183231_a73a6b74-4319-4f4f-9c02-3ab592af90f2.sql,high,security/auth,inside_remote_range,,
20260417184156,20260417184156_ec6b49c4-157f-409c-9deb-2d30c86b8cac.sql,high,security/auth,inside_remote_range,,
20260417184810,20260417184810_9f9ea08f-7096-4ace-84fc-d4d0ac4421c6.sql,high,security/auth,inside_remote_range,,
20260417190055,20260417190055_a72b005d-6794-4803-9048-fbeae933d4d5.sql,high,security/auth,inside_remote_range,,
20260417190942,20260417190942_6aa57270-4d60-4585-a890-09886b9669f3.sql,high,security/auth,inside_remote_range,,
20260417194614,20260417194614_8a15318b-c8db-4d59-9cb4-bec5fce1886a.sql,high,security/auth,inside_remote_range,,
20260417195210,20260417195210_13419fee-6ccf-4ec8-b74b-bdfd680f09ae.sql,high,security/auth,inside_remote_range,,
20260417202154,20260417202154_02e51f84-4853-4d66-90c7-f115366045ed.sql,high,security/auth,inside_remote_range,,
20260417231647,20260417231647_6e177eb8-a42a-44b8-b92c-551e6c654d27.sql,medium,security/auth,inside_remote_range,,
20260417232420,20260417232420_949a4ddd-6494-477c-a5fd-80bfc7f755b9.sql,medium,security/auth,inside_remote_range,,
20260417233210,20260417233210_46165a45-cc9b-49c2-8cd8-8c37b658011f.sql,medium,security/auth,inside_remote_range,,
20260418002104,20260418002104_a04a091d-5123-440d-8a3e-44ddf7d0e37b.sql,high,security/auth,inside_remote_range,,
20260418002549,20260418002549_2b14ddbb-73e1-47de-b211-d0fdbbdba931.sql,high,security/auth,inside_remote_range,,
20260418035410,20260418035410_34402cf0-a056-47bd-bffc-5726535d6a21.sql,high,security/auth,inside_remote_range,,
20260418171036,20260418171036_d861aedf-91be-4d9e-ae81-4250dd7f2fbf.sql,high,security/auth,inside_remote_range,,
20260418172700,20260418172700_03793aa6-a1d8-40e3-a18e-c7b835384105.sql,high,security/auth,inside_remote_range,,
20260418192433,20260418192433_42a78a41-10f7-41bf-baa1-d622f740692a.sql,high,general,inside_remote_range,,
20260418193841,20260418193841_49cfaf77-e36c-4a96-bcd2-923e7ef4873a.sql,high,security/auth,inside_remote_range,,
20260419040834,20260419040834_a342872b-8b46-4b42-8a00-7cb3fea9d668.sql,high,security/auth,inside_remote_range,,
20260420005352,20260420005352_1d874611-93cb-4612-95ec-1093ff46fadb.sql,medium,security/auth,inside_remote_range,,
20260421004341,20260421004341_8d5caaca-b222-4e38-960b-aad753b92426.sql,high,security/auth,inside_remote_range,,
20260421145718,20260421145718_56c8ac44-84af-4f4b-ae52-8f0bbcfc6528.sql,high,security/auth,inside_remote_range,,
20260421151459,20260421151459_be296c4a-5e51-4f70-a990-369e669ba20c.sql,high,security/auth,inside_remote_range,,
20260421151542,20260421151542_46015e18-3598-4ec4-b574-f98e36b83514.sql,high,security/auth,inside_remote_range,,
20260421153201,20260421153201_d3f9f039-7710-4190-9c3c-b4b1346b926c.sql,high,security/auth,inside_remote_range,,
20260421154049,20260421154049_2b800c91-6958-4fd1-8387-947a29759829.sql,low,security/auth,inside_remote_range,,
20260421154501,20260421154501_5b702aa6-a6d5-45a9-b360-eb24a5d4bc53.sql,high,security/auth,inside_remote_range,,
20260421154541,20260421154541_64e64273-4eff-4a71-850a-f9213156b12c.sql,high,security/auth,inside_remote_range,,
20260421155325,20260421155325_ae922116-431e-4b25-bf0c-7159c4f9241a.sql,high,security/auth,inside_remote_range,,
20260421155541,20260421155541_f3c2680b-a458-4667-8d70-37465ced87e9.sql,low,security/auth,inside_remote_range,,
20260421180435,20260421180435_f63ddf37-f6cf-4f6a-89a1-1cbd5d2258c4.sql,high,security/auth,inside_remote_range,,
20260421181932,20260421181932_cc0ec16f-a54a-4beb-bbbc-ba71febc7053.sql,high,security/auth,inside_remote_range,,
20260421182035,20260421182035_80fd27b7-3ab8-482d-b620-5c98b4fa9023.sql,low,security/auth,inside_remote_range,,
20260421190154,20260421190154_a493c5f5-dc62-44c8-8b79-b5e5cd56670d.sql,high,security/auth,inside_remote_range,,
20260421201221,20260421201221_0806eaf5-3ee5-4b2e-b391-cb71ce315bc5.sql,high,security/auth,inside_remote_range,,
20260421201952,20260421201952_99bf7cfa-c6b1-4722-b898-669fd439bcc4.sql,high,security/auth,inside_remote_range,,
20260421204100,20260421204100_dae9c10c-013a-4018-834b-8712b4f3f972.sql,high,security/auth,inside_remote_range,,
20260421210440,20260421210440_467910d2-090b-4cc6-bedf-f422de5d799f.sql,high,security/auth,inside_remote_range,,
20260421213037,20260421213037_fafa21ea-2d68-40e0-b9fa-77be2d71ec3c.sql,high,security/auth,inside_remote_range,,
20260422000026,20260422000026_a0b9eee0-ef04-481f-9474-f2db18a65a77.sql,high,security/auth,inside_remote_range,,
20260422013754,20260422013754_9447357a-a702-44fe-8ed1-203a1b37a26f.sql,high,security/auth,inside_remote_range,,
20260422014706,20260422014706_ced64652-05f2-4fdf-9947-ece14287c15e.sql,high,security/auth,inside_remote_range,,
20260422020019,20260422020019_f3d8e688-6df1-4aab-9c4c-cf427cd305dc.sql,low,security/auth,inside_remote_range,,
20260422020106,20260422020106_c7b5c875-882e-45a3-b3a9-91b3b5e5f279.sql,low,security/auth,inside_remote_range,,
20260422020634,20260422020634_19fb3de9-782a-4283-a5ea-e059064caaa1.sql,high,security/auth,inside_remote_range,,
20260422020719,20260422020719_f7d37a1b-4ead-4b5d-a316-0943de4e4421.sql,high,security/auth,inside_remote_range,,
20260422021641,20260422021641_c96e7250-df83-4371-832c-0789b8be507c.sql,high,security/auth,inside_remote_range,,
20260422022730,20260422022730_4926ec7f-f056-4100-81e2-c49477e8f7f9.sql,high,commerce/store,inside_remote_range,,
20260422024907,20260422024907_57f9f6ed-43b7-4d5a-9e1c-35966eed6fe0.sql,high,security/auth,inside_remote_range,,
20260422030511,20260422030511_d536ebff-c8bd-4d60-8eda-d6f65867f151.sql,high,security/auth,inside_remote_range,,
20260422035150,20260422035150_fee08732-f899-4a0a-919b-4b1398586b11.sql,high,security/auth,inside_remote_range,,
20260422035609,20260422035609_a3a7b58f-33c3-44da-9691-be78e5e19632.sql,high,security/auth,inside_remote_range,,
20260422040142,20260422040142_fef3879d-f937-4a7d-b0ab-d69e76540c53.sql,high,security/auth,inside_remote_range,,
20260422040244,20260422040244_4736782f-a8c7-4c7d-969d-21f3bcb6da19.sql,high,security/auth,inside_remote_range,,
20260422040327,20260422040327_e43a342a-1e41-4def-ad26-9fbdde280970.sql,high,security/auth,inside_remote_range,,
20260422042208,20260422042208_b699b7c3-17df-4374-b2c4-c9f95fe7f991.sql,medium,general,inside_remote_range,,
20260422045250,20260422045250_f22b428f-ae28-4cfb-929b-1f4cdf68bd06.sql,high,security/auth,inside_remote_range,,
20260422050619,20260422050619_8f163271-e8eb-4475-b3da-298872286d4e.sql,high,security/auth,inside_remote_range,,
20260422142147,20260422142147_2f069619-db8b-4985-b9d8-5a8a7a5929c0.sql,high,security/auth,inside_remote_range,,
20260422145248,20260422145248_5cd53f95-6824-4c20-85e5-34fd51d1ced3.sql,high,security/auth,inside_remote_range,,
20260422160614,20260422160614_c53e32e7-030b-4507-a735-e445997a1ebd.sql,high,security/auth,inside_remote_range,,
20260422162007,20260422162007_e210fb0e-5eb9-4be2-aa37-0e02eab73267.sql,high,security/auth,inside_remote_range,,
20260422163051,20260422163051_93d2299f-7af9-4e7c-8866-45de10a2c8dd.sql,high,security/auth,inside_remote_range,,
20260422164931,20260422164931_4a75586f-2751-4663-bbc2-98c075d7e297.sql,high,commerce/store,inside_remote_range,,
20260422165940,20260422165940_71108f4a-838c-463e-810f-fd28bae2918f.sql,high,security/auth,inside_remote_range,,
20260422170713,20260422170713_20446c7d-eb8c-434b-b7ad-52d20fe52cdf.sql,high,security/auth,inside_remote_range,,
20260422172356,20260422172356_d5f577ef-6ac2-4124-a72e-92bc3fd697c8.sql,high,security/auth,inside_remote_range,,
20260422173622,20260422173622_e1d1271e-41fd-4066-a1fe-e77e97bd2b50.sql,high,security/auth,inside_remote_range,,
20260422175015,20260422175015_d61927e6-32c6-445c-9f9c-9e3677a5d151.sql,high,security/auth,inside_remote_range,,
20260422175926,20260422175926_33ed95ba-0119-4468-8acc-1ccd26724531.sql,high,security/auth,inside_remote_range,,
20260423005412,20260423005412_b8e8eaca-b732-4c6b-ad10-6ed9316ae899.sql,medium,travel/lodging,inside_remote_range,,
20260423005830,20260423005830_a444c006-9ef2-4183-86c5-c379f26f5cc6.sql,medium,security/auth,inside_remote_range,,
20260423010122,20260423010122_542d1db8-857b-451f-8887-15c68d085de2.sql,medium,security/auth,inside_remote_range,,
20260423192951,20260423192951_e1714a41-b9b4-4126-9574-d422e206166e.sql,high,security/auth,inside_remote_range,,
20260423194335,20260423194335_46caffb6-d53b-4e75-8f28-5eb84e651be8.sql,high,security/auth,inside_remote_range,,
20260423200225,20260423200225_577344db-cd1f-4b6b-9c2c-b881ddcc16fc.sql,high,security/auth,inside_remote_range,,
20260423202610,20260423202610_9c261b18-86ca-4f52-b44c-0da2e0969cbc.sql,high,security/auth,inside_remote_range,,
20260423202653,20260423202653_7338f954-1e6d-4e27-ba7b-9e4eb718fac8.sql,high,security/auth,inside_remote_range,,
20260424143753,20260424143753_7ae1693a-3a0a-4f89-9c89-fdf0b0e168ac.sql,high,security/auth,inside_remote_range,,
20260424152119,20260424152119_43492e59-4cae-47bb-8f4d-e163f5d60cd8.sql,high,security/auth,inside_remote_range,,
20260424235625,20260424235625_31c53fe0-9213-4016-aa57-a8020508a16b.sql,high,security/auth,inside_remote_range,,
20260425113954,20260425113954_0c1aaa51-95a2-4772-8a76-0845a09883e8.sql,high,general,inside_remote_range,,
20260425123110,20260425123110_02e1a67a-e28b-4204-9d17-d65f3cd71bea.sql,high,security/auth,inside_remote_range,,
20260425125623,20260425125623_b8a44e76-05d3-48ec-ad20-106b386734c7.sql,high,security/auth,inside_remote_range,,
20260425211420,20260425211420_e743bd0e-a3ef-4f89-80c1-8369d32d4bc2.sql,medium,security/auth,inside_remote_range,,
20260425214139,20260425214139_fd81c680-2672-4b13-b364-20dd0d19f760.sql,high,security/auth,inside_remote_range,,
20260425214219,20260425214219_b9de725e-f4e5-4e55-9e61-6e79ef94dff7.sql,low,infrastructure,inside_remote_range,,
20260425214912,20260425214912_ee44c2d6-1039-43b3-9982-c515012cb92c.sql,high,security/auth,inside_remote_range,,
20260426140220,20260426140220_f3cfe442-151e-43ca-9359-4aadf7f9e1f3.sql,high,security/auth,inside_remote_range,,
20260426141249,20260426141249_0b48bbae-de51-4d9a-bcac-94eb5a9f3823.sql,high,security/auth,inside_remote_range,,
20260426142609,20260426142609_f4514f70-6790-4e74-a56b-ee092a4a77a3.sql,high,security/auth,inside_remote_range,,
20260426143436,20260426143436_0d3911fe-735b-426e-a357-e36b0590f527.sql,high,security/auth,inside_remote_range,,
20260426151811,20260426151811_b5334465-47f7-43e9-9579-dff12be5d4be.sql,high,security/auth,inside_remote_range,,
20260426152901,20260426152901_706d0cde-ab45-47f8-810f-07307a3dd55e.sql,high,security/auth,inside_remote_range,,
20260426153253,20260426153253_52390136-74a7-4cb9-9322-449efa95553a.sql,high,security/auth,inside_remote_range,,
20260426154107,20260426154107_6cd1b10c-e1ba-4b79-8dde-00b9cfc9a3a9.sql,high,security/auth,inside_remote_range,,
20260426155112,20260426155112_93446267-db83-45ee-82cd-5cfac21bb995.sql,high,security/auth,inside_remote_range,,
20260426160903,20260426160903_9b8fb0ec-9bd7-4e1a-b6c8-51e5a6b8b41c.sql,high,security/auth,inside_remote_range,,
20260426162621,20260426162621_e5070646-1482-4148-8410-d18a25524505.sql,high,security/auth,inside_remote_range,,
20260426162733,20260426162733_c3d6c3a6-712d-49ef-b8a9-c9cdca9f78a1.sql,low,security/auth,inside_remote_range,,
20260426194203,20260426194203_e085884c-f7c2-49df-98cb-20cd35a4a535.sql,high,security/auth,inside_remote_range,,
20260426203907,20260426203907_087e023a-2011-42a8-8dc9-bae36950ca6c.sql,high,security/auth,inside_remote_range,,
20260426210935,20260426210935_16db2c56-768f-47f2-b028-53cef9aff541.sql,high,security/auth,inside_remote_range,,
20260426214330,20260426214330_163c9c60-6ec6-43f5-9856-e4463748cb1f.sql,high,chat/social,inside_remote_range,,
20260426215638,20260426215638_cf1fd171-aa81-49e2-8d94-1023521b43ed.sql,high,security/auth,inside_remote_range,,
20260426215954,20260426215954_1dfb9821-4296-41bc-8620-72f19bf509b4.sql,high,security/auth,inside_remote_range,,
20260426223642,20260426223642_5fe9be6f-c61c-41c0-9002-b1041e91c204.sql,high,security/auth,inside_remote_range,,
20260426223813,20260426223813_1a18cc2c-9758-4962-b43e-fa0e864248c2.sql,high,security/auth,inside_remote_range,,
20260426225512,20260426225512_5061c9c6-6864-48e5-98c0-60ac5826d481.sql,high,security/auth,inside_remote_range,,
20260426232507,20260426232507_5e366b1f-644c-42eb-8a74-64341cc46d38.sql,high,security/auth,inside_remote_range,,
20260426233836,20260426233836_4659a736-744a-4a89-b9dd-1af970ba69bc.sql,high,security/auth,inside_remote_range,,
20260427011819,20260427011819_3dcefd72-6a46-4f31-afcf-1318637e17ff.sql,high,commerce/store,inside_remote_range,,
20260427150839,20260427150839_56314fe0-3206-420a-9156-af0ff6a7d9ff.sql,high,security/auth,inside_remote_range,,
20260427152529,20260427152529_31b08162-f17b-4226-a822-c94cf6b53647.sql,high,security/auth,inside_remote_range,,
20260427174323,20260427174323_75f15610-a15a-41d1-9812-7afd669568fb.sql,high,security/auth,inside_remote_range,,
20260427175900,20260427175900_48e45595-bc33-47e0-89ba-c7c0dbec2451.sql,high,infrastructure,inside_remote_range,,
20260427185356,20260427185356_9890be06-421d-4692-a29e-2578758fc201.sql,high,security/auth,inside_remote_range,,
20260427192815,20260427192815_637e9097-1907-4ab1-9346-d4f26c4581cf.sql,high,chat/social,inside_remote_range,,
20260427203259,20260427203259_3f47cf6b-ec48-4d03-97fb-117a7311f148.sql,high,security/auth,inside_remote_range,,
20260427205055,20260427205055_d76eb297-1b75-419d-aa2d-880ded03fcdf.sql,high,security/auth,inside_remote_range,,
20260427205139,20260427205139_ba209830-e315-4984-8419-a2bf5895c73f.sql,high,security/auth,inside_remote_range,,
20260427210158,20260427210158_2cdfdd02-142b-473c-a4b7-ec66b3de24a9.sql,high,security/auth,inside_remote_range,,
20260427211111,20260427211111_41d7872d-ee9a-4b9f-a298-7e770cd3285c.sql,high,security/auth,inside_remote_range,,
20260427220456,20260427220456_25dfca9c-6482-487f-b020-9d32dfa1335b.sql,high,security/auth,inside_remote_range,,
20260427222511,20260427222511_2370c49b-9979-4e51-bed2-25e6fa01b9e2.sql,high,security/auth,inside_remote_range,,
20260427224119,20260427224119_616e3ea2-a02d-48d6-b072-13e37c124614.sql,medium,security/auth,inside_remote_range,,
20260427224910,20260427224910_67bfa090-44cd-4954-896b-a3d1e9a4923d.sql,medium,security/auth,inside_remote_range,,
20260427225316,20260427225316_0b82f38b-726c-4e1a-b6cd-e735c71062ac.sql,medium,commerce/store,inside_remote_range,,
20260427225921,20260427225921_1303d4f1-185d-4be0-9f21-2d7a552433ef.sql,medium,commerce/store,inside_remote_range,,
20260428014827,20260428014827_14a1b738-783e-4ac8-96c1-ea420e2d9543.sql,high,security/auth,inside_remote_range,,
20260428023157,20260428023157_263c2aca-f050-4518-b131-fe3ad0cca9da.sql,high,security/auth,inside_remote_range,,
20260428030443,20260428030443_0957e86b-70fc-48ee-95b2-22ccf3b8bfff.sql,high,security/auth,inside_remote_range,,
20260428032513,20260428032513_d1827e5d-276e-4738-bf5f-7cbfee35c8a4.sql,high,security/auth,inside_remote_range,,
20260428151404,20260428151404_a103b981-5ea7-4a9c-960c-857a199086e0.sql,high,security/auth,inside_remote_range,,
20260428152554,20260428152554_c939a4fd-b19d-4c59-91bc-4f7f79815ab6.sql,high,security/auth,inside_remote_range,,
20260428183025,20260428183025_1a8cdf04-0c8a-4c0a-b17a-dea83af78c76.sql,medium,commerce/store,inside_remote_range,,
20260428183408,20260428183408_18795f64-70e4-40f5-9b84-5cf9847f9c93.sql,high,security/auth,inside_remote_range,,
20260428183600,20260428183600_f388db3e-5e62-4df4-83e6-c224ab2c9fd5.sql,high,security/auth,inside_remote_range,,
20260428190637,20260428190637_a79f6b67-b4a7-4dc9-b7e7-e55792e6b89e.sql,high,security/auth,inside_remote_range,,
20260428190808,20260428190808_634bf4c7-18a7-4ba8-bf50-80852902ff60.sql,high,security/auth,inside_remote_range,,
20260428194853,20260428194853_995aa4b3-4f08-45f3-9b3c-56d2577c8e74.sql,high,security/auth,inside_remote_range,,
20260428200228,20260428200228_4a5680a2-5c7c-41c5-9017-1ed6b0888d85.sql,high,security/auth,inside_remote_range,,
20260428202338,20260428202338_42daeb3a-7efb-4a23-b4a5-4d44f2419ebe.sql,high,security/auth,inside_remote_range,,
20260428203352,20260428203352_5934d63b-d467-4681-bbde-3c002031f5dd.sql,high,security/auth,inside_remote_range,,
20260428205227,20260428205227_e0ea7100-1f07-4431-a7b0-6e158f79b1e0.sql,high,security/auth,inside_remote_range,,
20260429032934,20260429032934_f830a06a-7da2-4987-af20-fbab92e7c7a4.sql,high,security/auth,inside_remote_range,,
20260429154352,20260429154352_lodge_handover_notes.sql,high,security/auth,inside_remote_range,,
20260429160000,20260429160000_lodge_group_bookings.sql,high,security/auth,inside_remote_range,,
20260429162000,20260429162000_lodge_notification_templates.sql,high,security/auth,inside_remote_range,,
20260429163000,20260429163000_lodge_yield_rules.sql,high,security/auth,inside_remote_range,,
20260429164000,20260429164000_lodge_inventory.sql,high,security/auth,inside_remote_range,,
20260429165141,20260429165141_0152086d-68bf-4ef8-bf16-f7381ccbe3d8.sql,high,security/auth,inside_remote_range,,
20260429170000,20260429170000_lodge_room_service.sql,high,security/auth,inside_remote_range,,
20260429171000,20260429171000_lodge_gift_vouchers.sql,high,security/auth,inside_remote_range,,
20260429172000,20260429172000_lodge_parking.sql,high,security/auth,inside_remote_range,,
20260429180000,20260429180000_lodge_wakeup_calls.sql,high,security/auth,inside_remote_range,,
20260429181000,20260429181000_lodge_laundry.sql,high,security/auth,inside_remote_range,,
20260429182000,20260429182000_lodge_complaints.sql,high,security/auth,inside_remote_range,,
20260429182924,20260429182924_f2229a7a-d5bf-4c19-8c7c-2a535ed37b48.sql,high,security/auth,inside_remote_range,,
20260429200000,20260429200000_seed_koh_sdach_resort.sql,medium,security/auth,inside_remote_range,,
20260429210000,20260429210000_lodge_rooms_public_read.sql,high,security/auth,inside_remote_range,,
20260429220000,20260429220000_lodge_rate_plans.sql,high,commerce/store,inside_remote_range,,
20260429230000,20260429230000_security_hardening.sql,high,security/auth,inside_remote_range,,
20260429230001,20260429230001_user_posts_visibility_location.sql,high,security/auth,inside_remote_range,,
20260429240000,20260429240000_backfill_storage_paths.sql,high,security/auth,inside_remote_range,,
20260429240001,20260429240001_increment_user_post_views.sql,high,security/auth,inside_remote_range,,
20260429250000,20260429250000_post_actions_tables.sql,high,security/auth,inside_remote_range,,
20260429250001,20260429250001_user_posts_realtime.sql,low,security/auth,inside_remote_range,,
20260429260000,20260429260000_post_comments_realtime.sql,low,chat/social,inside_remote_range,,
20260429260001,20260429260001_post_reactions.sql,high,security/auth,inside_remote_range,,
20260429270000,20260429270000_post_view_share_counts.sql,high,security/auth,inside_remote_range,,
20260430000000,20260430000000_post_reposts.sql,high,security/auth,inside_remote_range,,
20260430010000,20260430010000_social_notifications_and_comment_hearts.sql,high,security/auth,inside_remote_range,,
20260430020000,20260430020000_blocked_link_attempts.sql,high,security/auth,inside_remote_range,,
20260430020001,20260430020001_fix_social_notification_triggers.sql,high,security/auth,inside_remote_range,,
20260430030000,20260430030000_comment_threading.sql,high,security/auth,inside_remote_range,,
20260430040000,20260430040000_ar_shop_settings_column.sql,high,security/auth,inside_remote_range,,
20260430040001,20260430040001_comment_pinning.sql,high,security/auth,inside_remote_range,,
20260430050000,20260430050000_booking_to_workorder_link.sql,high,commerce/store,inside_remote_range,,
20260430050001,20260430050001_post_comments_pin_and_edit.sql,high,security/auth,inside_remote_range,,
20260430060000,20260430060000_ar_estimates_share_token.sql,high,security/auth,inside_remote_range,,
20260430060001,20260430060001_post_comments_notification_trigger.sql,high,security/auth,inside_remote_range,,
20260430070000,20260430070000_ar_workorder_share_token.sql,high,security/auth,inside_remote_range,,
20260430080000,20260430080000_ar_service_catalog.sql,high,security/auth,inside_remote_range,,
20260430090000,20260430090000_ar_customer_notes.sql,high,security/auth,inside_remote_range,,
20260501035030,20260501035030_d115fb84-ba81-4c99-be35-929819e62de0.sql,high,security/auth,inside_remote_range,,
20260501100000,20260501100000_threat_intel.sql,high,security/auth,inside_remote_range,,
20260501110000,20260501110000_auto_block_threat.sql,high,security/auth,inside_remote_range,,
20260501120000,20260501120000_blocklist_cleanup.sql,high,security/auth,inside_remote_range,,
20260501130000,20260501130000_user_blocklist.sql,high,security/auth,inside_remote_range,,
20260501140000,20260501140000_auto_revoke_blocked_sessions.sql,high,security/auth,inside_remote_range,,
20260501150000,20260501150000_new_device_login_alert.sql,high,security/auth,inside_remote_range,,
20260501160000,20260501160000_my_recent_logins.sql,high,security/auth,inside_remote_range,,
20260501170000,20260501170000_audit_admin_pii_read.sql,high,security/auth,inside_remote_range,,
20260501180000,20260501180000_login_country_tracking.sql,high,security/auth,inside_remote_range,,
20260502140000,20260502140000_daily_coin_reward.sql,high,security/auth,inside_remote_range,,
20260503161421,20260503161421_d62c4e48-63fa-43d1-b12d-2bdc57d0ab51.sql,high,security/auth,inside_remote_range,,
20260503161506,20260503161506_2a15cd86-e3bb-4e21-8ffa-390e2a8b3935.sql,high,security/auth,inside_remote_range,,
20260503161537,20260503161537_599a5382-0d26-4b61-8702-6ba21955d14b.sql,high,security/auth,inside_remote_range,,
20260503161835,20260503161835_6155f35e-3098-4f7e-bbe0-7b2045df6be7.sql,high,security/auth,inside_remote_range,,
20260503170039,20260503170039_551bbffb-8cd9-42a0-81d1-10243344a2dd.sql,high,security/auth,inside_remote_range,,
20260503181000,20260503181000_post_comments_post_id_to_text.sql,high,security/auth,inside_remote_range,,
20260503181500,20260503181500_post_comments_pinning.sql,high,security/auth,inside_remote_range,,
20260503184000,20260503184000_user_posts_is_pinned.sql,high,security/auth,inside_remote_range,,
20260504163000,20260504163000_fix_group_member_function_permissions.sql,high,security/auth,inside_remote_range,,
20260504204817,20260504204817_f956ca1a-3304-4c81-8892-3b7ca1ee3a92.sql,high,security/auth,inside_remote_range,,
20260504204956,20260504204956_978b603d-266c-4565-a5f7-f4ea8b5f0b84.sql,high,security/auth,inside_remote_range,,
20260504205156,20260504205156_de66f12c-ec3d-432f-a717-6da8b353a555.sql,high,security/auth,inside_remote_range,,
20260505180000,20260505180000_chat_super_app_features.sql,high,security/auth,inside_remote_range,,
20260505184000,20260505184000_review_and_rating_system.sql,high,security/auth,inside_remote_range,,
20260505190000,20260505190000_p2p_transfers_and_expenses.sql,high,security/auth,inside_remote_range,,
20260505200000,20260505200000_user_wallet_loyalty_partner.sql,high,security/auth,inside_remote_range,,
20260505210000,20260505210000_super_app_mega_features.sql,high,security/auth,inside_remote_range,,
20260506211527,20260506211527_get_nearby_drivers_freshness_filter.sql,high,security/auth,inside_remote_range,,
20260506220000,20260506220000_employee_workflow.sql,high,security/auth,inside_remote_range,,
20260507165352,20260507165352_fix_user_followers_triggers.sql,high,security/auth,inside_remote_range,,
20260507200000,20260507200000_of_creator_discovery_filter.sql,high,security/auth,inside_remote_range,,
20260508120000,20260508120000_bots_botfather.sql,high,security/auth,inside_remote_range,,
20260509120000,20260509120000_unified_notifications.sql,high,security/auth,inside_remote_range,,
20260509130000,20260509130000_notifications_followups.sql,high,security/auth,inside_remote_range,,
20260509140000,20260509140000_provider_side_notifications.sql,high,security/auth,inside_remote_range,,
20260509150000,20260509150000_notification_logs_admin_read.sql,high,security/auth,inside_remote_range,,
20260509160000,20260509160000_hotel_detail_rpc.sql,high,security/auth,inside_remote_range,,
20260509170000,20260509170000_live_and_payout_notifications.sql,high,security/auth,inside_remote_range,,
20260509180000,20260509180000_notifications_cron_schedule.sql,high,security/auth,inside_remote_range,,
20260509190000,20260509190000_weekly_digest_schedule.sql,low,security/auth,inside_remote_range,,
20260509200000,20260509200000_grouped_social_notifications.sql,high,security/auth,inside_remote_range,,
20260509210000,20260509210000_notifications_snooze.sql,high,security/auth,inside_remote_range,,
20260509230000,20260509230000_make_like_trigger_nonfatal.sql,high,security/auth,inside_remote_range,,
20260516120000,20260516120000_api_performance_indexes_access_rpc.sql,high,security/auth,inside_remote_range,,
20260518204722,20260518204722_drop_duplicate_performance_indexes.sql,high,security/auth,inside_remote_range,,
20260518211811,20260518211811_49b7bf33-0df5-4958-b069-56909236fb7f.sql,high,security/auth,inside_remote_range,,
20260518212635,20260518212635_68d6af92-12cc-461e-9de3-29abe4078d1c.sql,high,security/auth,inside_remote_range,,
20260518212846,20260518212846_83119079-584b-44e8-b2ac-cfb145734558.sql,low,commerce/store,inside_remote_range,,
20260518213331,20260518213331_cd2fdeab-c575-424c-9f68-17ae21690f0f.sql,high,security/auth,inside_remote_range,,
20260518213658,20260518213658_0ec29768-2f64-4a2e-b191-1b0db6d4b9c7.sql,medium,security/auth,inside_remote_range,,
20260518220000,20260518220000_feed_perf_and_maintenance.sql,high,security/auth,inside_remote_range,,
20260518230000,20260518230000_saved_collections.sql,high,security/auth,inside_remote_range,,
20260518230100,20260518230100_post_products.sql,high,security/auth,inside_remote_range,,
20260519000000,20260519000000_user_posts_visibility_fix.sql,high,security/auth,inside_remote_range,,
20260519010000,20260519010000_profile_pinned_posts.sql,high,security/auth,inside_remote_range,,
20260519205055,20260519205055_1820de69-2763-479d-9d20-8fb639c9c4ee.sql,high,security/auth,inside_remote_range,,
20260519205318,20260519205318_b3ccd9d8-8345-4dd3-a426-e1e7f58375c1.sql,high,security/auth,inside_remote_range,,
20260520211411,20260520211411_fix_p2p_notify_public_profiles_name.sql,high,security/auth,inside_remote_range,,
20260520212616,20260520212616_fix_p2p_request_rpc_roles.sql,high,security/auth,inside_remote_range,,
20260521020631,20260521020631_repair_store_product_storage_paths.sql,high,security/auth,inside_remote_range,,
20260521144500,20260521144500_home_realtime_publication.sql,low,security/auth,inside_remote_range,,
20260521181545,20260521181545_platform_search_performance_indexes.sql,medium,security/auth,inside_remote_range,,
20260521183500,20260521183500_network_security_events.sql,high,security/auth,inside_remote_range,,
20260522012300,20260522012300_database_security_forward_hardening.sql,high,security/auth,inside_remote_range,,
20260522120000,20260522120000_service_bookings_delete_policy.sql,high,security/auth,inside_remote_range,,
20260522130000,20260522130000_store_products_delete_policy.sql,high,security/auth,inside_remote_range,,
20260524000000,20260524000000_store_profiles_owner_insert_policy.sql,high,security/auth,inside_remote_range,,
20260524010000,20260524010000_store_payment_settings.sql,high,security/auth,inside_remote_range,,
20260524020000,20260524020000_salon_services.sql,high,security/auth,inside_remote_range,,
20260524030000,20260524030000_salon_stylists.sql,high,security/auth,inside_remote_range,,
20260524040000,20260524040000_salon_clients.sql,high,security/auth,inside_remote_range,,
20260524050000,20260524050000_salon_bookings.sql,high,security/auth,inside_remote_range,,
20260524060000,20260524060000_salon_expenses.sql,high,security/auth,inside_remote_range,,
20260524070000,20260524070000_salon_waitlist_and_schedules.sql,high,security/auth,inside_remote_range,,
20260524080000,20260524080000_salon_packages_retail_loyalty_reviews.sql,high,security/auth,inside_remote_range,,
20260524090000,20260524090000_salon_booking_completion_hooks.sql,high,security/auth,inside_remote_range,,
20260524100000,20260524100000_salon_booking_retail_items.sql,high,security/auth,inside_remote_range,,
20260524110000,20260524110000_salon_public_booking_security.sql,high,security/auth,inside_remote_range,,
20260524120000,20260524120000_salon_auto_expire_pending.sql,high,travel/lodging,inside_remote_range,,
20260524130000,20260524130000_salon_public_booking_lookup.sql,high,security/auth,inside_remote_range,,
20260524140000,20260524140000_salon_blockouts.sql,high,security/auth,inside_remote_range,,
20260524150000,20260524150000_salon_store_closures.sql,high,security/auth,inside_remote_range,,
20260524160000,20260524160000_salon_gift_cards.sql,high,security/auth,inside_remote_range,,
20260524170000,20260524170000_salon_time_entries.sql,high,security/auth,inside_remote_range,,
20260524180000,20260524180000_salon_bookings_deposit_and_referral.sql,high,chat/social,inside_remote_range,,
20260524190000,20260524190000_salon_public_stylist_and_review_rpcs.sql,high,security/auth,inside_remote_range,,
20260524200000,20260524200000_salon_public_booking_sanitize_deposit_paid.sql,high,security/auth,inside_remote_range,,
20260524210000,20260524210000_salon_booking_addons_and_commission_payouts.sql,high,security/auth,inside_remote_range,,
20260524220000,20260524220000_salon_bookings_realtime_publication.sql,high,chat/social,inside_remote_range,,
20260524230000,20260524230000_salon_booking_addons_rollup.sql,high,travel/lodging,inside_remote_range,,
20260524240000,20260524240000_salon_loyalty_includes_addons.sql,high,commerce/store,inside_remote_range,,
20260524250000,20260524250000_salon_public_get_booking_with_addons.sql,high,security/auth,inside_remote_range,,
20260524260000,20260524260000_salon_addons_rollup_end_at.sql,high,travel/lodging,inside_remote_range,,
20260524270000,20260524270000_salon_sidebar_badges_realtime.sql,high,chat/social,inside_remote_range,,
20260524280000,20260524280000_salon_completion_sync_restore_retail.sql,high,security/auth,inside_remote_range,,
20260524290000,20260524290000_salon_no_show_count_sync.sql,high,chat/social,inside_remote_range,,
20260524300000,20260524300000_salon_clients_tags_and_no_show_count.sql,high,commerce/store,inside_remote_range,,
20260524310000,20260524310000_salon_clients_tags_limits.sql,high,chat/social,inside_remote_range,,
20260524320000,20260524320000_salon_public_stylist_busy.sql,high,security/auth,inside_remote_range,,
20260524330000,20260524330000_salon_retail_sku_unique.sql,low,commerce/store,inside_remote_range,,
20260524340000,20260524340000_salon_bookings_cancellation_reason_limit.sql,high,travel/lodging,inside_remote_range,,
20260524350000,20260524350000_salon_public_get_booking_with_ids_and_cancel_window.sql,high,security/auth,inside_remote_range,,
20260524360000,20260524360000_salon_reminders.sql,high,security/auth,inside_remote_range,,
20260524370000,20260524370000_salon_customer_portal.sql,high,security/auth,inside_remote_range,,
20260524380000,20260524380000_salon_reminders_followup.sql,high,security/auth,inside_remote_range,,
20260524390000,20260524390000_salon_campaigns.sql,high,security/auth,inside_remote_range,,
20260524400000,20260524400000_salon_stripe_deposits.sql,high,security/auth,inside_remote_range,,
20260524410000,20260524410000_salon_public_booking_returns_refunded_cents.sql,high,security/auth,inside_remote_range,,
20260524420000,20260524420000_salon_no_show_fees.sql,high,security/auth,inside_remote_range,,
20260525000000,20260525000000_cafe_categories.sql,high,security/auth,inside_remote_range,,
20260525010000,20260525010000_cafe_menu_items.sql,high,security/auth,inside_remote_range,,
20260525020000,20260525020000_cafe_modifiers.sql,high,security/auth,inside_remote_range,,
20260525030000,20260525030000_cafe_tables.sql,high,security/auth,inside_remote_range,,
20260525040000,20260525040000_cafe_orders.sql,high,security/auth,inside_remote_range,,
20260525050000,20260525050000_cafe_order_items.sql,high,security/auth,inside_remote_range,,
20260525060000,20260525060000_cafe_payments.sql,high,security/auth,inside_remote_range,,
20260525070000,20260525070000_cafe_public_order_rpc.sql,high,security/auth,inside_remote_range,,
20260525080000,20260525080000_cafe_gift_cards.sql,high,security/auth,inside_remote_range,,
20260525090000,20260525090000_cafe_expenses.sql,high,security/auth,inside_remote_range,,
20260525100000,20260525100000_cafe_baristas.sql,high,security/auth,inside_remote_range,,
20260525100001,20260525100001_cafe_orders_realtime_publication.sql,high,chat/social,inside_remote_range,,
20260525110000,20260525110000_cafe_auto_expire_pending.sql,high,commerce/store,inside_remote_range,,
20260525110001,20260525110001_cafe_time_entries.sql,high,security/auth,inside_remote_range,,
20260525120000,20260525120000_cafe_orders_status_timestamps.sql,high,chat/social,inside_remote_range,,
20260525120001,20260525120001_cafe_reviews.sql,high,security/auth,inside_remote_range,,
20260525130000,20260525130000_cafe_orders_recalc_on_adjustment.sql,high,chat/social,inside_remote_range,,
20260525130001,20260525130001_cafe_promotions.sql,high,security/auth,inside_remote_range,,
20260525140000,20260525140000_cafe_inventory_items.sql,high,security/auth,inside_remote_range,,
20260525150000,20260525150000_cafe_recipes.sql,high,security/auth,inside_remote_range,,
20260525160000,20260525160000_cafe_inventory_movements.sql,high,security/auth,inside_remote_range,,
20260525170000,20260525170000_cafe_suppliers.sql,high,security/auth,inside_remote_range,,
20260525180000,20260525180000_cafe_purchase_orders.sql,high,security/auth,inside_remote_range,,
20260525183303,20260525183303_ride_bakong_payment_idempotency.sql,high,chat/social,inside_remote_range,,
20260525185220,20260525185220_ride_request_lifecycle_columns.sql,high,chat/social,inside_remote_range,,
20260525190000,20260525190000_cafe_loyalty.sql,high,security/auth,inside_remote_range,,
20260525191033,20260525191033_driver_earnings_ride_requests.sql,high,chat/social,inside_remote_range,,
20260525192409,20260525192409_admin_driver_payout_methods.sql,high,security/auth,inside_remote_range,,
20260525200000,20260525200000_cafe_shifts.sql,high,security/auth,inside_remote_range,,
20260525210000,20260525210000_cafe_order_completion_hooks.sql,high,security/auth,inside_remote_range,,
20260525220000,20260525220000_cafe_checkout_tip_and_promo.sql,high,security/auth,inside_remote_range,,
20260525230000,20260525230000_cafe_public_review_rpc.sql,high,security/auth,inside_remote_range,,
20260525240000,20260525240000_cafe_checkout_gift_card.sql,high,security/auth,inside_remote_range,,
20260525250000,20260525250000_cafe_auto_expire_pending.sql,high,commerce/store,inside_remote_range,,
20260525260000,20260525260000_cafe_public_order_status_eta.sql,high,security/auth,inside_remote_range,,
20260525270000,20260525270000_cafe_loyalty_redeem_at_checkout.sql,high,security/auth,inside_remote_range,,
20260525280000,20260525280000_cafe_hours.sql,high,security/auth,inside_remote_range,,
20260525290000,20260525290000_cafe_scheduled_orders.sql,high,security/auth,inside_remote_range,,
20260525300000,20260525300000_cafe_settings.sql,high,security/auth,inside_remote_range,,
20260525310000,20260525310000_cafe_tax_rate.sql,high,commerce/store,inside_remote_range,,
20260525320000,20260525320000_cafe_till_sessions.sql,high,security/auth,inside_remote_range,,
20260525330000,20260525330000_cafe_menu_sold_out.sql,high,chat/social,inside_remote_range,,
20260525340000,20260525340000_cafe_rpc_reject_sold_out.sql,high,security/auth,inside_remote_range,,
20260525350000,20260525350000_cafe_menu_cogs_rollup.sql,high,infrastructure,inside_remote_range,,
20260525360000,20260525360000_cafe_prep_forecast.sql,high,security/auth,inside_remote_range,,
20260525370000,20260525370000_cafe_inventory_realtime.sql,high,chat/social,inside_remote_range,,
20260525380000,20260525380000_cafe_popular_items.sql,high,security/auth,inside_remote_range,,
20260525390000,20260525390000_cafe_manager_pin.sql,high,commerce/store,inside_remote_range,,
20260525400000,20260525400000_cafe_customer_summary.sql,high,security/auth,inside_remote_range,,
20260525400001,20260525400001_car_rental_initial.sql,high,security/auth,inside_remote_range,,
20260525410000,20260525410000_cafe_till_drops.sql,high,security/auth,inside_remote_range,,
20260525410001,20260525410001_car_rental_expenses_maintenance.sql,high,security/auth,inside_remote_range,,
20260525420000,20260525420000_cafe_last_order_items.sql,high,security/auth,inside_remote_range,,
20260525420001,20260525420001_car_rental_reviews_promotions.sql,high,security/auth,inside_remote_range,,
20260525430000,20260525430000_cafe_tip_payouts.sql,high,security/auth,inside_remote_range,,
20260525430001,20260525430001_car_rental_blackouts.sql,high,security/auth,inside_remote_range,,
20260525440000,20260525440000_cafe_daily_message.sql,high,chat/social,inside_remote_range,,
20260525440001,20260525440001_car_rental_damage_photos.sql,high,security/auth,inside_remote_range,,
20260525450000,20260525450000_cafe_review_summary.sql,high,security/auth,inside_remote_range,,
20260525450001,20260525450001_car_rental_compliance_and_tax.sql,high,security/auth,inside_remote_range,,
20260525460000,20260525460000_cafe_reservations.sql,high,security/auth,inside_remote_range,,
20260525460001,20260525460001_car_rental_refunds.sql,high,commerce/store,inside_remote_range,,
20260525470000,20260525470000_cafe_public_reservation_rpc.sql,high,security/auth,inside_remote_range,,
20260525480000,20260525480000_cafe_reservations_realtime.sql,high,chat/social,inside_remote_range,,
20260525490000,20260525490000_cafe_customer_notes.sql,high,security/auth,inside_remote_range,,
20260525500000,20260525500000_cafe_menu_allergens.sql,high,commerce/store,inside_remote_range,,
20260525500001,20260525500001_car_dealership_initial.sql,high,security/auth,inside_remote_range,,
20260525510000,20260525510000_cafe_menu_happy_hour.sql,high,commerce/store,inside_remote_range,,
20260525510001,20260525510001_car_dealership_promotions.sql,high,security/auth,inside_remote_range,,
20260525520000,20260525520000_cafe_rpc_happy_hour.sql,high,security/auth,inside_remote_range,,
20260525520001,20260525520001_car_dealership_customer_interactions.sql,high,security/auth,inside_remote_range,,
20260525530000,20260525530000_cafe_bundles.sql,high,security/auth,inside_remote_range,,
20260525530001,20260525530001_car_dealership_deal_documents.sql,high,security/auth,inside_remote_range,,
20260525540000,20260525540000_cafe_rpc_bundles.sql,high,security/auth,inside_remote_range,,
20260525540001,20260525540001_car_dealership_public_reviews.sql,high,security/auth,inside_remote_range,,
20260525550001,20260525550001_car_dealership_fk_indexes.sql,medium,security/auth,inside_remote_range,,
20260525560001,20260525560001_car_dealership_schedule_public_test_drive_rpc.sql,high,security/auth,inside_remote_range,,
20260525570001,20260525570001_car_dealership_merge_multipermissive_policies.sql,high,security/auth,inside_remote_range,,
20260525580001,20260525580001_car_dealership_leads_add_salesperson_name.sql,high,commerce/store,inside_remote_range,,
20260526000000,20260526000000_cafe_bundle_window.sql,high,commerce/store,inside_remote_range,,
20260526000001,20260526000001_salon_stylist_stripe_connect.sql,high,security/auth,inside_remote_range,,
20260526010000,20260526010000_cafe_rpc_bundle_window_check.sql,high,security/auth,inside_remote_range,,
20260526020000,20260526020000_cafe_public_order_status_with_slug.sql,high,security/auth,inside_remote_range,,
20260526030000,20260526030000_cafe_public_order_items_for_reorder.sql,high,security/auth,inside_remote_range,,
20260526040000,20260526040000_cafe_settings_tip_presets.sql,high,commerce/store,inside_remote_range,,
20260526050000,20260526050000_cafe_settings_currency_code.sql,high,commerce/store,inside_remote_range,,
20260526060000,20260526060000_cafe_public_order_status_currency.sql,high,security/auth,inside_remote_range,,
20260526070000,20260526070000_cafe_order_item_voids.sql,high,security/auth,inside_remote_range,,
20260526100000,20260526100000_car_rental_block_blocked_customers.sql,high,chat/social,inside_remote_range,,
20260526110000,20260526110000_car_rental_refund_tiers.sql,high,commerce/store,inside_remote_range,,
20260526120000,20260526120000_car_rental_reservation_events.sql,high,security/auth,inside_remote_range,,
20260526130000,20260526130000_car_rental_stripe.sql,high,security/auth,inside_remote_range,,
20260526140000,20260526140000_car_rental_stripe_rls_initplan_fix.sql,high,security/auth,inside_remote_range,,
20260526145114,20260526145114_feed_preferences.sql,high,security/auth,inside_remote_range,,
20260526165000,20260526165000_sensitive_media_controls.sql,high,security/auth,inside_remote_range,,
20260526183749,20260526183749_group_chat_pinning_avatar_media_policy.sql,high,security/auth,inside_remote_range,,
20260526184329,20260526184329_lodge_guest_booking_rpc.sql,high,security/auth,inside_remote_range,,
20260526200000,20260526200000_ar_inspections_customer_fields.sql,high,commerce/store,inside_remote_range,,
20260526202236,20260526202236_admin_safety_review_inbox.sql,high,security/auth,inside_remote_range,,
20260526210000,20260526210000_ar_schema_completion.sql,high,security/auth,inside_remote_range,,
20260526211548,20260526211548_story_sensitive_media_controls.sql,high,security/auth,inside_remote_range,,
20260526220000,20260526220000_ar_invoices_source_workorder.sql,high,commerce/store,inside_remote_range,,
20260526221927,20260526221927_group_stars_locked_media.sql,high,security/auth,inside_remote_range,,
20260526230000,20260526230000_ar_reminders_customer_columns.sql,high,commerce/store,inside_remote_range,,
20260526240000,20260526240000_ar_inspections_public_view.sql,high,security/auth,inside_remote_range,,
20260526250000,20260526250000_ar_loaner_return_tracking.sql,high,security/auth,inside_remote_range,,
20260527000000,20260527000000_salon_online_tipping.sql,high,security/auth,inside_remote_range,,
20260527140000,20260527140000_ar_invoices_fleet_enforcement.sql,high,commerce/store,inside_remote_range,,
20260527141000,20260527141000_ar_job_photos.sql,high,security/auth,inside_remote_range,,
20260527142000,20260527142000_ar_labor_entries.sql,high,security/auth,inside_remote_range,,
20260527143000,20260527143000_store_promotions_reviews_messages.sql,high,security/auth,inside_remote_range,,
20260527144000,20260527144000_ar_reminders_dispatch_cron.sql,low,security/auth,inside_remote_range,,
20260527145444,20260527145444_group_paid_media_bundles.sql,high,security/auth,inside_remote_range,,
20260527150000,20260527150000_ar_estimates_discount_cents.sql,high,general,inside_remote_range,,
20260527151000,20260527151000_ar_invoices_estimates_backfill_subtotals.sql,medium,chat/social,inside_remote_range,,
20260527152000,20260527152000_ar_estimates_tax_rate_and_expire_cron.sql,high,chat/social,inside_remote_range,,
20260527153000,20260527153000_ar_invoices_estimates_intake_notes.sql,high,general,inside_remote_range,,
20260527154000,20260527154000_ar_warranties_network_claim_columns.sql,high,chat/social,inside_remote_range,,
20260527161700,20260527161700_fix_group_paid_album_storage_policy.sql,high,security/auth,inside_remote_range,,
20260527161952,20260527161952_use_jsonb_contains_for_locked_album_storage_policy.sql,high,security/auth,inside_remote_range,,
20260527162240,20260527162240_use_text_path_checks_for_locked_album_storage_policy.sql,high,security/auth,inside_remote_range,,
20260527163358,20260527163358_restore_chat_media_storage_policy.sql,high,security/auth,inside_remote_range,,
20260527164312,20260527164312_fix_zivo_service_photo_storage_recursion.sql,high,security/auth,inside_remote_range,,
20260527164505,20260527164505_grant_secret_media_storage_helper.sql,high,security/auth,inside_remote_range,,
20260527164544,20260527164544_grant_call_recording_storage_helper.sql,high,security/auth,inside_remote_range,,
20260527165418,20260527165418_fix_group_member_notify_profile_name.sql,high,security/auth,inside_remote_range,,
20260527170117,20260527170117_add_chat_safety_preference_columns.sql,high,security/auth,inside_remote_range,,
20260527171430,20260527171430_add_group_unlock_api_wrapper.sql,high,security/auth,inside_remote_range,,
20260527172922,20260527172922_restore_paid_album_storage_reads.sql,high,security/auth,inside_remote_range,,
20260528000000,20260528000000_salon_booking_series.sql,high,security/auth,inside_remote_range,,
20260528000001,20260528000001_creator_type_and_ppv.sql,high,security/auth,inside_remote_range,,
20260528000002,20260528000002_direct_message_unlocks.sql,high,security/auth,inside_remote_range,,
20260528000003,20260528000003_community_member_count_sync.sql,high,infrastructure,inside_remote_range,,
20260528000004,20260528000004_unlock_notifications.sql,high,security/auth,inside_remote_range,,
20260528000005,20260528000005_wallet_unlock_rpcs.sql,high,security/auth,inside_remote_range,,
20260528000006,20260528000006_events_going_count_sync.sql,high,infrastructure,inside_remote_range,,
20260528000007,20260528000007_adult_age_confirmation.sql,high,security/auth,inside_remote_range,,
20260528000008,20260528000008_close_paywall_bypass.sql,high,security/auth,inside_remote_range,,
20260528000009,20260528000009_ppv_free_for_subscribers.sql,high,security/auth,inside_remote_range,,
20260528000010,20260528000010_admin_content_reports.sql,high,security/auth,inside_remote_range,,
20260528000011,20260528000011_content_reports.sql,high,security/auth,inside_remote_range,,
20260528000012,20260528000012_job_postings_rls.sql,high,security/auth,inside_remote_range,,
20260528000013,20260528000013_notify_subscribers_new_ppv.sql,high,security/auth,inside_remote_range,,
20260528000014,20260528000014_job_applications_update_tightening.sql,high,security/auth,inside_remote_range,,
20260528000015,20260528000015_voice_rooms_rls.sql,high,security/auth,inside_remote_range,,
20260528000016,20260528000016_close_subscriber_paywall_bypass.sql,high,security/auth,inside_remote_range,,
20260528000017,20260528000017_ppv_scheduling.sql,high,security/auth,inside_remote_range,,
20260529000000,20260529000000_salon_two_way_sms.sql,high,security/auth,inside_remote_range,,
20260529120000,20260529120000_autorepair_invoice_tax_and_payment_status.sql,high,security/auth,inside_remote_range,,
20260529130000,20260529130000_drop_ar_shop_settings.sql,high,security/auth,inside_remote_range,,
20260529130001,20260529130001_fix_autorepair_rls_store_profiles.sql,high,security/auth,inside_remote_range,,
20260529140000,20260529140000_create_part_images_bucket.sql,high,security/auth,inside_remote_range,,
20260529150000,20260529150000_autorepair_sequential_doc_numbers.sql,high,security/auth,inside_remote_range,,
20260529160000,20260529160000_autorepair_parts_catalog_columns.sql,high,commerce/store,inside_remote_range,,
20260529160001,20260529160001_pin_function_search_path.sql,low,security/auth,inside_remote_range,,
20260529170000,20260529170000_car_rental_reservation_pii_lockdown.sql,high,security/auth,inside_remote_range,,
20260529170001,20260529170001_car_rental_secure_reservation_access.sql,high,security/auth,inside_remote_range,,
20260529170500,20260529170500_car_rental_pii_column_grants.sql,high,security/auth,inside_remote_range,,
20260529171000,20260529171000_car_rental_sanitize_reservation_rpc.sql,high,security/auth,inside_remote_range,,
20260530000000,20260530000000_salon_booking_payments.sql,high,security/auth,inside_remote_range,,
20260531000000,20260531000000_salon_stylist_self_service.sql,high,security/auth,inside_remote_range,,
20260531142721,20260531142721_data_api_grants_recent_public_tables.sql,high,security/auth,inside_remote_range,,
20260531145613,20260531145613_make_cron_function_urls_project_aware.sql,medium,security/auth,inside_remote_range,,
20260531183402,20260531183402_legal_policy_data_api_grants.sql,high,security/auth,inside_remote_range,,
20260531184042,20260531184042_role_workflow_data_api_grants.sql,high,security/auth,inside_remote_range,,
20260531193000,20260531193000_store_payment_methods_owner_policy.sql,high,security/auth,inside_remote_range,,
20260531194500,20260531194500_shopping_orders_customer_driver_policy.sql,high,security/auth,inside_remote_range,,
20260531203000,20260531203000_store_training_data_api_grants.sql,high,security/auth,inside_remote_range,,
20260531204500,20260531204500_atomic_customer_wallet_withdrawal.sql,high,security/auth,inside_remote_range,,
20260531210000,20260531210000_merchant_payout_requests_server_gate.sql,high,security/auth,inside_remote_range,,
20260531211500,20260531211500_ar_payout_records_server_gate.sql,high,security/auth,inside_remote_range,,
20260531213000,20260531213000_cafe_tip_payouts_server_gate.sql,high,security/auth,inside_remote_range,,
20260531214500,20260531214500_salon_commission_payouts_server_gate.sql,high,security/auth,inside_remote_range,,
20260531220000,20260531220000_customer_payout_methods_server_gate.sql,high,security/auth,inside_remote_range,,
20260531221500,20260531221500_creator_payout_methods_server_gate.sql,high,security/auth,inside_remote_range,,
20260531223000,20260531223000_creator_subscriptions_server_gate.sql,high,security/auth,inside_remote_range,,
20260531224500,20260531224500_paid_content_access_server_gate.sql,high,security/auth,inside_remote_range,,
20260531230000,20260531230000_creator_tips_server_gate.sql,high,security/auth,inside_remote_range,,
20260531231500,20260531231500_fan_badges_server_gate.sql,high,security/auth,inside_remote_range,,
20260531233000,20260531233000_creator_milestones_server_gate.sql,low,security/auth,inside_remote_range,,
20260531234500,20260531234500_creator_profile_protected_fields_server_gate.sql,high,security/auth,inside_remote_range,,
20260601000000,20260601000000_revoke_anon_execute_admin_rpcs.sql,high,security/auth,inside_remote_range,,
20260601000000,20260601000000_salon_color_formulas.sql,high,security/auth,inside_remote_range,,
20260601000500,20260601000500_creator_links_owner_and_metrics_gate.sql,high,security/auth,inside_remote_range,,
20260601001500,20260601001500_affiliate_links_owner_and_metrics_gate.sql,high,security/auth,inside_remote_range,,
20260601003000,20260601003000_affiliate_links_url_safety_gate.sql,high,security/auth,inside_remote_range,,
20260601004500,20260601004500_affiliate_click_logs_server_gate.sql,high,security/auth,inside_remote_range,,
20260601010000,20260601010000_analytics_events_server_gate.sql,high,security/auth,inside_remote_range,,
20260601011500,20260601011500_travel_tracking_server_gate.sql,high,security/auth,inside_remote_range,,
20260601013000,20260601013000_live_stream_signals_server_gate.sql,high,security/auth,inside_remote_range,,
20260601014500,20260601014500_legal_acceptance_server_gate.sql,high,security/auth,inside_remote_range,,
20260601020000,20260601020000_legal_disputes_server_gate.sql,high,security/auth,inside_remote_range,,
20260601021500,20260601021500_bug_reports_server_gate.sql,high,security/auth,inside_remote_range,,
20260601023000,20260601023000_security_reports_server_gate.sql,high,security/auth,inside_remote_range,,
20260601024500,20260601024500_privacy_requests_server_gate.sql,high,security/auth,inside_remote_range,,
20260601030000,20260601030000_data_export_request_server_gate.sql,high,security/auth,inside_remote_range,,
20260601031500,20260601031500_refund_requests_server_gate.sql,high,security/auth,inside_remote_range,,
20260601033000,20260601033000_support_tickets_server_gate.sql,high,security/auth,inside_remote_range,,
20260601034500,20260601034500_service_waitlist_server_gate.sql,high,security/auth,inside_remote_range,,
20260601040000,20260601040000_product_feedback_server_gate.sql,high,security/auth,inside_remote_range,,
20260601041500,20260601041500_marketing_interest_server_gate.sql,high,security/auth,inside_remote_range,,
20260601043000,20260601043000_ride_support_server_gate.sql,high,security/auth,inside_remote_range,,
20260601044500,20260601044500_shop_ops_records_server_gate.sql,high,security/auth,inside_remote_range,,
20260601050000,20260601050000_travel_support_server_gate.sql,high,security/auth,inside_remote_range,,
20260601051500,20260601051500_concierge_messages_server_gate.sql,high,security/auth,inside_remote_range,,
20260601053000,20260601053000_admin_feedback_queue_server_gate.sql,high,security/auth,inside_remote_range,,
20260601054500,20260601054500_social_safety_reports_server_gate.sql,high,security/auth,inside_remote_range,,
20260601060000,20260601060000_story_chat_safety_reports_server_gate.sql,high,security/auth,inside_remote_range,,
20260601061500,20260601061500_moderation_appeals_server_gate.sql,high,security/auth,inside_remote_range,,
20260601063000,20260601063000_admin_moderation_review_server_gate.sql,high,security/auth,inside_remote_range,,
20260601064500,20260601064500_admin_content_reports_status_server_gate.sql,high,security/auth,inside_remote_range,,
20260601070000,20260601070000_account_security_settings_server_gate.sql,high,security/auth,inside_remote_range,,
20260601071500,20260601071500_user_session_presence_server_gate.sql,high,security/auth,inside_remote_range,,
20260601073000,20260601073000_device_keys_server_gate.sql,high,security/auth,inside_remote_range,,
20260601074500,20260601074500_privacy_settings_server_gate.sql,high,security/auth,inside_remote_range,,
20260601080000,20260601080000_close_friends_server_gate.sql,high,security/auth,inside_remote_range,,
20260601081500,20260601081500_blocked_users_server_gate.sql,high,security/auth,inside_remote_range,,
20260601083000,20260601083000_chat_thread_settings_server_gate.sql,high,security/auth,inside_remote_range,,
20260601084500,20260601084500_muted_conversations_server_gate.sql,high,security/auth,inside_remote_range,,
20260601090000,20260601090000_user_contacts_server_gate.sql,high,security/auth,inside_remote_range,,
20260601091500,20260601091500_contact_requests_server_gate.sql,high,security/auth,inside_remote_range,,
20260601093000,20260601093000_user_safety_actions_server_gate.sql,high,security/auth,inside_remote_range,,
20260601094500,20260601094500_push_subscriptions_server_gate.sql,high,security/auth,inside_remote_range,,
20260601100000,20260601100000_notifications_server_gate.sql,high,security/auth,inside_remote_range,,
20260601101500,20260601101500_job_invite_notifications_server_gate.sql,high,security/auth,inside_remote_range,,
20260601103000,20260601103000_admin_broadcast_notifications_server_gate.sql,high,security/auth,inside_remote_range,,
20260601104500,20260601104500_notification_preferences_server_gate.sql,high,security/auth,inside_remote_range,,
20260601110000,20260601110000_user_notifications_server_gate.sql,high,security/auth,inside_remote_range,,
20260601111500,20260601111500_linked_devices_server_gate.sql,high,security/auth,inside_remote_range,,
20260601113000,20260601113000_zivo_payment_methods_server_gate.sql,high,security/auth,inside_remote_range,,
20260601114500,20260601114500_share_to_earn_server_gate.sql,high,security/auth,inside_remote_range,,
20260601120000,20260601120000_loyalty_points_server_gate.sql,high,security/auth,inside_remote_range,,
20260601121500,20260601121500_customer_wallet_payment_server_gate.sql,high,security/auth,inside_remote_range,,
20260601123000,20260601123000_food_order_payment_status_server_gate.sql,high,security/auth,inside_remote_range,,
20260601124500,20260601124500_food_order_state_server_gate.sql,high,security/auth,inside_remote_range,,
20260601130000,20260601130000_shopping_order_state_server_gate.sql,high,security/auth,inside_remote_range,,
20260601131500,20260601131500_store_order_state_server_gate.sql,high,security/auth,inside_remote_range,,
20260601133000,20260601133000_store_payment_methods_server_gate.sql,high,security/auth,inside_remote_range,,
20260601134500,20260601134500_store_products_server_gate.sql,high,security/auth,inside_remote_range,,
20260601140000,20260601140000_store_profiles_server_gate.sql,high,security/auth,inside_remote_range,,
20260601141500,20260601141500_store_employees_server_gate.sql,high,security/auth,inside_remote_range,,
20260601143000,20260601143000_employee_shifts_server_gate.sql,high,security/auth,inside_remote_range,,
20260601144500,20260601144500_employee_rules_server_gate.sql,high,security/auth,inside_remote_range,,
20260601150000,20260601150000_store_payment_settings_server_gate.sql,high,security/auth,inside_remote_range,,
20260601151500,20260601151500_promotions_server_gate.sql,high,security/auth,inside_remote_range,,
20260601153000,20260601153000_cafe_promotions_server_gate.sql,high,security/auth,inside_remote_range,,
20260601154500,20260601154500_car_rental_promotions_server_gate.sql,high,security/auth,inside_remote_range,,
20260601154600,20260601154600_payment_provider_webhook_event_logs.sql,high,security/auth,inside_remote_range,,
20260601154700,20260601154700_data_api_grants_referrals_and_webhook_events.sql,high,security/auth,inside_remote_range,,
20260601160000,20260601160000_car_dealership_promotions_server_gate.sql,high,security/auth,inside_remote_range,,
20260601161500,20260601161500_store_promotions_server_gate.sql,high,security/auth,inside_remote_range,,
20260601163000,20260601163000_car_rental_reviews_server_gate.sql,high,security/auth,inside_remote_range,,
20260601164500,20260601164500_car_dealership_reviews_server_gate.sql,high,security/auth,inside_remote_range,,
20260601170000,20260601170000_lodging_reviews_server_gate.sql,high,security/auth,inside_remote_range,,
20260601171500,20260601171500_cafe_reviews_server_gate.sql,high,security/auth,inside_remote_range,,
20260601173000,20260601173000_salon_reviews_server_gate.sql,high,security/auth,inside_remote_range,,
20260601174500,20260601174500_marketplace_reviews_server_gate.sql,high,security/auth,inside_remote_range,,
20260601180000,20260601180000_reviews_server_gate.sql,high,security/auth,inside_remote_range,,
20260601181500,20260601181500_car_rental_expenses_server_gate.sql,high,security/auth,inside_remote_range,,
20260601183000,20260601183000_car_rental_maintenance_server_gate.sql,high,security/auth,inside_remote_range,,
20260601184500,20260601184500_car_rental_vehicles_server_gate.sql,high,security/auth,inside_remote_range,,
20260601190000,20260601190000_car_rental_addons_server_gate.sql,high,security/auth,inside_remote_range,,
20260601191000,20260601191000_ar_customer_vehicle_specs.sql,high,commerce/store,inside_remote_range,,
20260601191500,20260601191500_car_rental_locations_server_gate.sql,high,security/auth,inside_remote_range,,
20260601192000,20260601192000_ar_labor_entry_vehicle_snapshot.sql,high,commerce/store,inside_remote_range,,
20260601193000,20260601193000_car_rental_customers_server_gate.sql,high,security/auth,inside_remote_range,,
20260601194500,20260601194500_bus_booking_schema.sql,high,security/auth,inside_remote_range,,
20260601194500,20260601194500_car_rental_reservations_server_gate.sql,high,security/auth,inside_remote_range,,
20260601200000,20260601200000_car_rental_blackouts_server_gate.sql,high,security/auth,inside_remote_range,,
20260601201500,20260601201500_car_rental_store_settings_server_gate.sql,high,security/auth,inside_remote_range,,
20260601203000,20260601203000_car_rental_booking_extras_server_gate.sql,high,security/auth,inside_remote_range,,
20260601204500,20260601204500_car_dealership_trade_ins_server_gate.sql,high,security/auth,inside_remote_range,,
20260601210000,20260601210000_bus_my_bookings_rpc.sql,high,security/auth,inside_remote_range,,
20260601210000,20260601210000_car_dealership_expenses_server_gate.sql,high,security/auth,inside_remote_range,,
20260601211500,20260601211500_car_dealership_financing_server_gate.sql,high,security/auth,inside_remote_range,,
20260601211500,20260601211500_fix_bus_rls_store_owner.sql,high,security/auth,inside_remote_range,,
20260601213000,20260601213000_car_dealership_lead_activities_server_gate.sql,high,security/auth,inside_remote_range,,
20260601214500,20260601214500_store_documents_server_gate.sql,high,security/auth,inside_remote_range,,
20260601220000,20260601220000_store_training_programs_server_gate.sql,high,security/auth,inside_remote_range,,
20260601221500,20260601221500_store_training_assignments_server_gate.sql,high,security/auth,inside_remote_range,,
20260601223000,20260601223000_store_payroll_configs_server_gate.sql,high,security/auth,inside_remote_range,,
20260601224500,20260601224500_service_bookings_public_submit_gate.sql,high,security/auth,inside_remote_range,,
20260601230000,20260601230000_service_bookings_owner_manage_gate.sql,high,security/auth,inside_remote_range,,
20260601231500,20260601231500_salon_bookings_public_submit_gate.sql,high,security/auth,inside_remote_range,,
20260601233000,20260601233000_support_tickets_customer_manage_gate.sql,high,security/auth,inside_remote_range,,
20260601234500,20260601234500_shop_ops_records_manage_gate.sql,high,security/auth,inside_remote_range,,
20260601240000,20260601240000_store_employee_rules_server_gate.sql,high,security/auth,inside_remote_range,,
20260601241500,20260601241500_salon_gift_cards_server_gate.sql,high,security/auth,inside_remote_range,,
20260601243000,20260601243000_salon_blockouts_server_gate.sql,high,security/auth,inside_remote_range,,
20260601244500,20260601244500_salon_waitlist_server_gate.sql,high,security/auth,inside_remote_range,,
20260601250000,20260601250000_salon_retail_products_server_gate.sql,high,security/auth,inside_remote_range,,
20260601251500,20260601251500_salon_loyalty_server_gate.sql,high,security/auth,inside_remote_range,,
20260601253000,20260601253000_salon_packages_server_gate.sql,high,security/auth,inside_remote_range,,
20260601254500,20260601254500_salon_stylist_schedules_server_gate.sql,high,security/auth,inside_remote_range,,
20260601260000,20260601260000_salon_expenses_server_gate.sql,high,security/auth,inside_remote_range,,
20260601261500,20260601261500_salon_store_closures_server_gate.sql,high,security/auth,inside_remote_range,,
20260601263000,20260601263000_salon_booking_retail_items_server_gate.sql,high,security/auth,inside_remote_range,,
20260601264500,20260601264500_salon_booking_addons_server_gate.sql,high,security/auth,inside_remote_range,,
20260601270000,20260601270000_salon_membership_tiers_server_gate.sql,high,security/auth,inside_remote_range,,
20260601271500,20260601271500_salon_reminder_settings_server_gate.sql,high,security/auth,inside_remote_range,,
20260601273000,20260601273000_salon_notification_template_overrides_server_gate.sql,high,security/auth,inside_remote_range,,
20260601273500,20260601273500_ar_customer_vehicle_plate_state.sql,high,commerce/store,inside_remote_range,,
20260601274500,20260601274500_salon_services_server_gate.sql,high,security/auth,inside_remote_range,,
20260601280000,20260601280000_salon_time_entries_server_gate.sql,high,security/auth,inside_remote_range,,
20260601281500,20260601281500_salon_clients_server_gate.sql,high,security/auth,inside_remote_range,,
20260601283000,20260601283000_salon_stylists_server_gate.sql,high,security/auth,inside_remote_range,,
20260601284500,20260601284500_salon_bookings_owner_server_gate.sql,high,security/auth,inside_remote_range,,
20260602000000,20260602000000_salon_memberships.sql,high,security/auth,inside_remote_range,,
20260602030500,20260602030500_add_channel_restrict_saving_content.sql,high,chat/social,inside_remote_range,,
20260602031000,20260602031000_add_channel_reaction_policy.sql,high,security/auth,inside_remote_range,,
20260602031500,20260602031500_add_channel_wallpaper_style.sql,high,chat/social,inside_remote_range,,
20260602032000,20260602032000_add_channel_topics_and_member_visibility.sql,high,chat/social,inside_remote_range,,
20260602032500,20260602032500_add_channel_slow_mode.sql,high,security/auth,inside_remote_range,,
20260602033000,20260602033000_add_channel_join_approval.sql,high,security/auth,inside_remote_range,,
20260602033500,20260602033500_add_channel_removed_users.sql,high,security/auth,inside_remote_range,,
20260602034000,20260602034000_add_channel_admin_log.sql,high,security/auth,inside_remote_range,,
20260602034500,20260602034500_add_channel_add_member_rpc.sql,high,security/auth,inside_remote_range,,
20260602035000,20260602035000_add_channel_invite_links.sql,high,security/auth,inside_remote_range,,
20260602035500,20260602035500_add_channel_redeem_invite.sql,high,security/auth,inside_remote_range,,
20260603000000,20260603000000_salon_low_stock_alerts.sql,high,security/auth,inside_remote_range,,
20260603120000,20260603120000_ar_estimate_public_rpcs.sql,high,security/auth,inside_remote_range,,
20260604000000,20260604000000_salon_public_walkin.sql,high,security/auth,inside_remote_range,,
20260604143000,20260604143000_bus_search_logo_url.sql,high,security/auth,inside_remote_range,,
20260604162000,20260604162000_real_trending_rpcs.sql,high,security/auth,inside_remote_range,,
20260604211500,20260604211500_disable_dispatch_escalate_staggered_crons.sql,low,chat/social,inside_remote_range,,
20260604223000,20260604223000_store_post_distribution_jobs.sql,high,security/auth,inside_remote_range,,
20260604232911,20260604232911_zivo_plus_plan_code_and_public_plans.sql,high,security/auth,inside_remote_range,,
20260604233000,20260604233000_marketing_workflows_backend_connectivity.sql,high,security/auth,inside_remote_range,,
20260605000000,20260605000000_salon_review_request.sql,high,chat/social,inside_remote_range,,
20260605020000,20260605020000_ads_store_profiles_fk.sql,high,security/auth,inside_remote_range,,
20260605025409,20260605025409_lockdown_admin_security_definer_rpc_grants.sql,high,security/auth,inside_remote_range,,
20260605030003,20260605030003_lockdown_internal_rls_no_policy_tables.sql,high,security/auth,inside_remote_range,,
20260605030155,20260605030155_lockdown_auto_repair_internal_function_grants.sql,high,security/auth,inside_remote_range,,
20260605030511,20260605030511_lockdown_trigger_security_definer_function_grants.sql,high,security/auth,inside_remote_range,,
20260605030807,20260605030807_lockdown_scheduled_maintenance_function_grants.sql,high,security/auth,inside_remote_range,,
20260605031100,20260605031100_lockdown_bot_account_function_anon_grants.sql,high,security/auth,inside_remote_range,,
20260605031308,20260605031308_lockdown_account_wallet_function_anon_grants.sql,high,security/auth,inside_remote_range,,
20260605033621,20260605033621_lockdown_channel_social_function_anon_grants.sql,high,security/auth,inside_remote_range,,
20260605033931,20260605033931_lockdown_zivo_service_function_anon_grants.sql,high,security/auth,inside_remote_range,,
20260606000000,20260606000000_direct_paid_media_bundles.sql,high,security/auth,inside_remote_range,,
20260607000000,20260607000000_profile_metadata_completion.sql,high,security/auth,inside_remote_range,,
20260608000000,20260608000000_account_hub_activity.sql,high,security/auth,inside_remote_range,,
20260609000000,20260609000000_ar_reminders_secure_cron.sql,low,chat/social,inside_remote_range,,
20260610000000,20260610000000_grant_channel_helper_execute.sql,high,security/auth,inside_remote_range,,
20260611000000,20260611000000_add_channel_subscriber_permissions.sql,high,security/auth,inside_remote_range,,
20260611000500,20260611000500_add_channel_permission_exceptions.sql,high,security/auth,inside_remote_range,,
20260612000000,20260612000000_add_store_default_language.sql,high,security/auth,inside_remote_range,,
20260612000100,20260612000100_store_products_owner_write_policies.sql,high,security/auth,inside_remote_range,,
20260612000200,20260612000200_add_ar_estimate_issue_and_start_dates.sql,high,chat/social,inside_remote_range,,
20260612000200,20260612000200_ar_invoices_estimates_mileage.sql,high,general,inside_remote_range,,
20260612000300,20260612000300_add_ar_invoice_issue_and_start_dates.sql,high,chat/social,inside_remote_range,,
20260612000300,20260612000300_ar_invoices_estimates_vsm_fields.sql,high,chat/social,inside_remote_range,,
20260612000400,20260612000400_ar_invoices_estimates_vehicle_engine.sql,high,general,inside_remote_range,,
20260613000000,20260613000000_ar_customer_vehicles_oil_specs.sql,high,general,inside_remote_range,,
