version,filename,disposition,evidence,detector_reasons
20260330173000,20260330173000_8b4f4f26-7036-4e35-9d37-65ab70f88df4.sql,"DATA-EFFECTS (owner decides apply vs archive)","","data effects (INSERT/UPDATE/DELETE) ; policy missing: user_posts|Published user posts are visible ; policy missing: user_posts|Users can insert own user posts"
20260405131000,20260405131000_device_tokens_unique_token.sql,"DATA-EFFECTS (owner decides apply vs archive)","","data effects (INSERT/UPDATE/DELETE) ; index missing: idx_device_tokens_token_unique (on device_tokens)"
20260406020001,20260406020001_meta_capi_bridge_webhooks.sql,"NEVER-APPLIED (objects absent live, no later drop found — owner decides)","trg_meta_capi_transactions, trg_meta_capi_trips","statement classes outside the verifier ; trigger missing: trg_meta_capi_transactions ; trigger missing: trg_meta_capi_trips"
20260406091500,20260406091500_super_app_architecture.sql,"DATA-EFFECTS (owner decides apply vs archive)","","data effects (INSERT/UPDATE/DELETE) ; table missing: warehouse_inventory ; table missing: truck_inventory"
20260406093000,20260406093000_launch_security_deeplink_pulse.sql,"NEVER-APPLIED (objects absent live, no later drop found — owner decides)","store_orders|Store owners can view store orders, store_orders|Store owners can update store orders, truck_sales|Store owners can view truck sales","policy missing: store_orders|Store owners can view store orders ; policy missing: store_orders|Store owners can update store orders ; policy missing: truck_sales|Store owners can view truck sales"
20260406094500,20260406094500_admin_wallet_ledger.sql,"NEVER-APPLIED (objects absent live, no later drop found — owner decides)","admin_wallet_ledger|Service role manages admin wallet ledger, admin_wallet_ledger|Admins can read admin wallet ledger, admin_wallet_ledger","policy missing: admin_wallet_ledger|Service role manages admin wallet ledger ; policy missing: admin_wallet_ledger|Admins can read admin wallet ledger ; table missing: admin_wallet_ledger"
20260411124500,20260411124500_chat_security_enforcement.sql,"DATA-EFFECTS (owner decides apply vs archive)","","data effects (INSERT/UPDATE/DELETE)"
20260411133500,20260411133500_chat_security_rate_limit.sql,"DATA-EFFECTS (owner decides apply vs archive)","","data effects (INSERT/UPDATE/DELETE)"
20260411143000,20260411143000_chat_sender_quarantine_controls.sql,"DATA-EFFECTS (owner decides apply vs archive)","","data effects (INSERT/UPDATE/DELETE)"
20260411152000,20260411152000_chat_resilience_limits.sql,"DATA-EFFECTS (owner decides apply vs archive)","","data effects (INSERT/UPDATE/DELETE) ; function missing: sender_message_flood_limited"
20260411160000,20260411160000_security_sentinel_project.sql,"DATA-EFFECTS (owner decides apply vs archive)","","data effects (INSERT/UPDATE/DELETE)"
20260411170000,20260411170000_auth_shield_lockout.sql,"DATA-EFFECTS (owner decides apply vs archive)","","data effects (INSERT/UPDATE/DELETE) ; policy missing: auth_login_protection|Admins can view auth login protection ; policy missing: auth_login_events|Admins can view auth login events"
20260411175000,20260411175000_auth_shield_admin_controls.sql,"DATA-EFFECTS (owner decides apply vs archive)","","data effects (INSERT/UPDATE/DELETE) ; function missing: cleanup_old_auth_login_events"
20260411183000,20260411183000_auth_shield_anomaly_detection.sql,"DATA-EFFECTS (owner decides apply vs archive)","","data effects (INSERT/UPDATE/DELETE) ; index missing: idx_auth_login_events_risk (on auth_login_events) ; column missing: auth_login_events|risk_score"
20260411190000,20260411190000_auth_shield_playbooks.sql,"DATA-EFFECTS (owner decides apply vs archive)","","data effects (INSERT/UPDATE/DELETE) ; function missing: apply_auth_security_playbook ; trigger missing: trg_apply_auth_security_playbook"
20260429200000,20260429200000_seed_koh_sdach_resort.sql,"DATA-EFFECTS (owner decides apply vs archive)","","data effects (INSERT/UPDATE/DELETE)"
20260429220000,20260429220000_lodge_rate_plans.sql,"DATA-EFFECTS (owner decides apply vs archive)","","data effects (INSERT/UPDATE/DELETE)"
20260429230000,20260429230000_security_hardening.sql,"DATA-EFFECTS (owner decides apply vs archive)","","data effects (INSERT/UPDATE/DELETE) ; policy missing: storage|chat_media_select_owner_or_recipient ; policy missing: storage|chat_media_insert_authenticated"
20260429230001,20260429230001_user_posts_visibility_location.sql,"NEVER-APPLIED (objects absent live, no later drop found — owner decides)","user_posts|View posts by visibility, idx_user_posts_visibility (on user_posts)","unrecognized ALTER TABLE actions ; policy missing: user_posts|View posts by visibility ; index missing: idx_user_posts_visibility (on user_posts)"
20260429240000,20260429240000_backfill_storage_paths.sql,"NEVER-APPLIED (objects absent live, no later drop found — owner decides)","_strip_public_url","function missing: _strip_public_url"
20260429250000,20260429250000_post_actions_tables.sql,"NEVER-APPLIED (objects absent live, no later drop found — owner decides)","post_reports|post_reports_insert_own, post_reports|post_reports_select_own","policy missing: post_reports|post_reports_insert_own ; policy missing: post_reports|post_reports_select_own ; dropped policy still live: post_bookmarks|post_bookmarks_select_own"
20260429260001,20260429260001_post_reactions.sql,"NEVER-APPLIED (objects absent live, no later drop found — owner decides)","post_reactions|post_reactions_select_all, post_reactions|post_reactions_insert_own, post_reactions|post_reactions_update_own","policy missing: post_reactions|post_reactions_select_all ; policy missing: post_reactions|post_reactions_insert_own ; policy missing: post_reactions|post_reactions_update_own"
20260429270000,20260429270000_post_view_share_counts.sql,"DATA-EFFECTS (owner decides apply vs archive)","","data effects (INSERT/UPDATE/DELETE) ; policy missing: post_shares|post_shares_insert_any ; policy missing: post_shares|post_shares_select_service"
20260430000000,20260430000000_post_reposts.sql,"DATA-EFFECTS (owner decides apply vs archive)","","data effects (INSERT/UPDATE/DELETE) ; policy missing: post_reposts|post_reposts_select_all ; policy missing: post_reposts|post_reposts_insert_own"
20260430010000,20260430010000_social_notifications_and_comment_hearts.sql,"DATA-EFFECTS (owner decides apply vs archive)","","statement classes outside the verifier ; data effects (INSERT/UPDATE/DELETE) ; policy missing: comment_likes|comment_likes_select_all"
20260430020000,20260430020000_blocked_link_attempts.sql,"VERIFIER-LIMIT (unrecognized statements; manual review)","","statement classes outside the verifier"
20260430020001,20260430020001_fix_social_notification_triggers.sql,"NEVER-APPLIED (objects absent live, no later drop found — owner decides)","_on_post_reaction_insert, _on_post_repost_insert","statement classes outside the verifier ; function missing: _on_post_reaction_insert ; function missing: _on_post_repost_insert"
20260430030000,20260430030000_comment_threading.sql,"NEVER-APPLIED (objects absent live, no later drop found — owner decides)","idx_store_post_comments_parent (on store_post_comments), idx_user_post_comments_parent (on user_post_comments), store_post_comments|parent_id","index missing: idx_store_post_comments_parent (on store_post_comments) ; index missing: idx_user_post_comments_parent (on user_post_comments) ; column missing: store_post_comments|parent_id"
20260430040001,20260430040001_comment_pinning.sql,"NEVER-APPLIED (objects absent live, no later drop found — owner decides)","idx_store_post_comments_one_pin_per_post (on store_post_comments), idx_user_post_comments_one_pin_per_post (on user_post_comments), store_post_comments|is_pinned","index missing: idx_store_post_comments_one_pin_per_post (on store_post_comments) ; index missing: idx_user_post_comments_one_pin_per_post (on user_post_comments) ; column missing: store_post_comments|is_pinned"
20260430060000,20260430060000_ar_estimates_share_token.sql,"NEVER-APPLIED (objects absent live, no later drop found — owner decides)","idx_ar_estimates_share_token (on ar_estimates)","index missing: idx_ar_estimates_share_token (on ar_estimates)"
20260430060001,20260430060001_post_comments_notification_trigger.sql,"NEVER-APPLIED (objects absent live, no later drop found — owner decides)","_on_post_comments_insert, trg_post_comments_notify","statement classes outside the verifier ; function missing: _on_post_comments_insert ; trigger missing: trg_post_comments_notify"
20260501100000,20260501100000_threat_intel.sql,"VERIFIER-LIMIT (unrecognized statements; manual review)","","statement classes outside the verifier ; dropped policy still live: ip_blocklist|ip_blocklist_admin_read ; dropped policy still live: ip_blocklist|ip_blocklist_admin_write"
20260501110000,20260501110000_auto_block_threat.sql,"DATA-EFFECTS (owner decides apply vs archive)","","statement classes outside the verifier ; data effects (INSERT/UPDATE/DELETE) ; function missing: auto_block_if_high_threat"
20260501120000,20260501120000_blocklist_cleanup.sql,"DATA-EFFECTS (owner decides apply vs archive)","","statement classes outside the verifier ; data effects (INSERT/UPDATE/DELETE) ; function missing: prune_expired_ip_blocklist"
20260501130000,20260501130000_user_blocklist.sql,"VERIFIER-LIMIT (unrecognized statements; manual review)","","statement classes outside the verifier ; dropped policy still live: user_blocklist|user_blocklist_admin_read ; dropped policy still live: user_blocklist|user_blocklist_admin_write"
20260501140000,20260501140000_auto_revoke_blocked_sessions.sql,"DATA-EFFECTS (owner decides apply vs archive)","","statement classes outside the verifier ; data effects (INSERT/UPDATE/DELETE) ; function missing: revoke_user_refresh_tokens"
20260501150000,20260501150000_new_device_login_alert.sql,"DATA-EFFECTS (owner decides apply vs archive)","","statement classes outside the verifier ; data effects (INSERT/UPDATE/DELETE) ; function missing: _trg_auth_login_events_new_device"
20260501160000,20260501160000_my_recent_logins.sql,"VERIFIER-LIMIT (unrecognized statements; manual review)","","statement classes outside the verifier"
20260501170000,20260501170000_audit_admin_pii_read.sql,"DATA-EFFECTS (owner decides apply vs archive)","","statement classes outside the verifier ; data effects (INSERT/UPDATE/DELETE)"
20260501180000,20260501180000_login_country_tracking.sql,"DATA-EFFECTS (owner decides apply vs archive)","","statement classes outside the verifier ; data effects (INSERT/UPDATE/DELETE) ; function missing: auth_set_recent_login_country"
20260502140000,20260502140000_daily_coin_reward.sql,"DATA-EFFECTS (owner decides apply vs archive)","","data effects (INSERT/UPDATE/DELETE) ; unrecognized ALTER TABLE actions ; policy missing: coin_daily_rewards|Users see own daily rewards"
20260503181000,20260503181000_post_comments_post_id_to_text.sql,"VERIFIER-LIMIT (unrecognized statements; manual review)","","unrecognized ALTER TABLE actions"
20260505184000,20260505184000_review_and_rating_system.sql,"NEVER-APPLIED (objects absent live, no later drop found — owner decides)","reviews|Anyone can read published reviews, reviews|Users can create reviews, reviews|Admins moderate reviews","policy missing: reviews|Anyone can read published reviews ; policy missing: reviews|Users can create reviews ; policy missing: reviews|Admins moderate reviews"
20260505210000,20260505210000_super_app_mega_features.sql,"NEVER-APPLIED (objects absent live, no later drop found — owner decides)","idx_marketplace_status (on marketplace_listings), idx_jobs_status (on job_postings), idx_support_user (on support_tickets)","index missing: idx_marketplace_status (on marketplace_listings) ; index missing: idx_jobs_status (on job_postings) ; index missing: idx_support_user (on support_tickets)"
20260507200000,20260507200000_of_creator_discovery_filter.sql,"GRANT-DIFFERS (live grants differ from file)","","grant state does not match file (live differs)"
20260508120000,20260508120000_bots_botfather.sql,"DATA-EFFECTS (owner decides apply vs archive)","","statement classes outside the verifier ; data effects (INSERT/UPDATE/DELETE)"
20260509120000,20260509120000_unified_notifications.sql,"NEVER-APPLIED (objects absent live, no later drop found — owner decides)","sms_send_log|sms_send_log_self_read, sms_send_log","statement classes outside the verifier ; policy missing: sms_send_log|sms_send_log_self_read ; table missing: sms_send_log"
20260509130000,20260509130000_notifications_followups.sql,"DATA-EFFECTS (owner decides apply vs archive)","","data effects (INSERT/UPDATE/DELETE) ; function missing: tg_seed_notification_preferences ; function missing: tg_notify_group_message"
20260509140000,20260509140000_provider_side_notifications.sql,"DATA-EFFECTS (owner decides apply vs archive)","","data effects (INSERT/UPDATE/DELETE) ; function missing: tg_notify_restaurant_order ; function missing: tg_notify_drivers_new_ride"
20260509150000,20260509150000_notification_logs_admin_read.sql,"NEVER-APPLIED (objects absent live, no later drop found — owner decides)","push_notification_logs|Admins can view all push logs, email_send_log|Admins can view all email logs, sms_send_log|Admins can view all sms logs","policy missing: push_notification_logs|Admins can view all push logs ; policy missing: email_send_log|Admins can view all email logs ; policy missing: sms_send_log|Admins can view all sms logs"
20260509160000,20260509160000_hotel_detail_rpc.sql,"VERIFIER-LIMIT (unrecognized statements; manual review)","","statement classes outside the verifier"
20260509170000,20260509170000_live_and_payout_notifications.sql,"DATA-EFFECTS (owner decides apply vs archive)","","data effects (INSERT/UPDATE/DELETE) ; function missing: tg_notify_live_stream_started ; function missing: tg_notify_payout_status"
20260509180000,20260509180000_notifications_cron_schedule.sql,"VERIFIER-LIMIT (unrecognized statements; manual review)","","statement classes outside the verifier"
20260509190000,20260509190000_weekly_digest_schedule.sql,"VERIFIER-LIMIT (unrecognized statements; manual review)","","statement classes outside the verifier"
20260509200000,20260509200000_grouped_social_notifications.sql,"NEVER-APPLIED (objects absent live, no later drop found — owner decides)","build_grouped_title, push_grouped_update, tg_notify_new_follower_grouped","function missing: build_grouped_title ; function missing: push_grouped_update ; function missing: tg_notify_new_follower_grouped"
20260509210000,20260509210000_notifications_snooze.sql,"NEVER-APPLIED (objects absent live, no later drop found — owner decides)","tick_unsnooze_notifications, idx_notifications_snoozed_until (on notifications)","statement classes outside the verifier ; function missing: tick_unsnooze_notifications ; index missing: idx_notifications_snoozed_until (on notifications)"
20260509230000,20260509230000_make_like_trigger_nonfatal.sql,"NEVER-APPLIED (objects absent live, no later drop found — owner decides)","tg_notify_post_comment_safe","function missing: tg_notify_post_comment_safe"
20260516120000,20260516120000_api_performance_indexes_access_rpc.sql,"NEVER-APPLIED (objects absent live, no later drop found — owner decides)","idx_store_profiles_active_name (on store_profiles), idx_store_profiles_owner_created (on store_profiles), idx_store_products_store_stock_created (on store_products)","index missing: idx_store_profiles_active_name (on store_profiles) ; index missing: idx_store_profiles_owner_created (on store_profiles) ; index missing: idx_store_products_store_stock_created (on store_products)"
20260518204722,20260518204722_drop_duplicate_performance_indexes.sql,"VERIFIER-LIMIT (unrecognized statements; manual review)","","unrecognized ALTER TABLE actions"
20260518220000,20260518220000_feed_perf_and_maintenance.sql,"DATA-EFFECTS (owner decides apply vs archive)","","data effects (INSERT/UPDATE/DELETE) ; function missing: cleanup_old_notifications ; function missing: increment_post_view_count"
20260518230000,20260518230000_saved_collections.sql,"VERIFIER-LIMIT (unrecognized statements; manual review)","","dropped policy still live: saved_collection_posts|saved_collection_posts_select_own ; dropped policy still live: saved_collection_posts|saved_collection_posts_insert_own ; dropped policy still live: saved_collection_posts|saved_collection_posts_delete_own"
20260518230100,20260518230100_post_products.sql,"VERIFIER-LIMIT (unrecognized statements; manual review)","","dropped policy still live: post_products|post_products_select_all ; dropped policy still live: post_products|post_products_write_own ; dropped policy still live: post_products|post_products_update_own"
20260519000000,20260519000000_user_posts_visibility_fix.sql,"NEVER-APPLIED (objects absent live, no later drop found — owner decides)","user_posts|Posts visible by visibility","policy missing: user_posts|Posts visible by visibility"
20260519010000,20260519010000_profile_pinned_posts.sql,"NEVER-APPLIED (objects absent live, no later drop found — owner decides)","enforce_user_posts_pin_limit, idx_user_posts_pinned (on user_posts)","statement classes outside the verifier ; function missing: enforce_user_posts_pin_limit ; index missing: idx_user_posts_pinned (on user_posts)"
20260520211411,20260520211411_fix_p2p_notify_public_profiles_name.sql,"DATA-EFFECTS (owner decides apply vs archive)","","data effects (INSERT/UPDATE/DELETE)"
20260520212616,20260520212616_fix_p2p_request_rpc_roles.sql,"DATA-EFFECTS (owner decides apply vs archive)","","data effects (INSERT/UPDATE/DELETE)"
20260521020631,20260521020631_repair_store_product_storage_paths.sql,"NEVER-APPLIED (objects absent live, no later drop found — owner decides)","storage|Store owners can upload own store-assets, storage|Store owners can update own store-assets, storage|Store owners can delete own store-assets","policy missing: storage|Store owners can upload own store-assets ; policy missing: storage|Store owners can update own store-assets ; policy missing: storage|Store owners can delete own store-assets"
20260521181545,20260521181545_platform_search_performance_indexes.sql,"NEVER-APPLIED (objects absent live, no later drop found — owner decides)","idx_store_profiles_public_search_trgm (on store_profiles), idx_store_products_public_search_trgm (on store_products)","statement classes outside the verifier ; index missing: idx_store_profiles_public_search_trgm (on store_profiles) ; index missing: idx_store_products_public_search_trgm (on store_products)"
20260521183500,20260521183500_network_security_events.sql,"VERIFIER-LIMIT (unrecognized statements; manual review)","","statement classes outside the verifier"
20260522012300,20260522012300_database_security_forward_hardening.sql,"NEVER-APPLIED (objects absent live, no later drop found — owner decides)","warehouse_inventory|Store staff can read warehouse inventory, warehouse_inventory|Store owners can manage warehouse inventory, truck_inventory|Store staff can read truck inventory","policy missing: warehouse_inventory|Store staff can read warehouse inventory ; policy missing: warehouse_inventory|Store owners can manage warehouse inventory ; policy missing: truck_inventory|Store staff can read truck inventory"
20260524050000,20260524050000_salon_bookings.sql,"NEVER-APPLIED (objects absent live, no later drop found — owner decides)","public","statement classes outside the verifier ; unrecognized ALTER TABLE actions ; type missing: public"
20260524090000,20260524090000_salon_booking_completion_hooks.sql,"DATA-EFFECTS (owner decides apply vs archive)","","data effects (INSERT/UPDATE/DELETE)"
20260524100000,20260524100000_salon_booking_retail_items.sql,"DATA-EFFECTS (owner decides apply vs archive)","","data effects (INSERT/UPDATE/DELETE)"
20260524140000,20260524140000_salon_blockouts.sql,"NEVER-APPLIED (objects absent live, no later drop found — owner decides)","salon_blockouts|salon_blockouts_no_overlap","unrecognized ALTER TABLE actions ; constraint missing: salon_blockouts|salon_blockouts_no_overlap"
20260524150000,20260524150000_salon_store_closures.sql,"NEVER-APPLIED (objects absent live, no later drop found — owner decides)","salon_store_closures|Owners manage store closures - all, salon_store_closures|salon_store_closures_no_overlap","unrecognized ALTER TABLE actions ; policy missing: salon_store_closures|Owners manage store closures - all ; constraint missing: salon_store_closures|salon_store_closures_no_overlap"
20260524160000,20260524160000_salon_gift_cards.sql,"NEVER-APPLIED (objects absent live, no later drop found — owner decides)","salon_gift_cards|Owners manage gift cards - all, salon_gift_card_redemptions|Owners manage gift card redemptions - all, tg_salon_gift_card_apply_redemption","policy missing: salon_gift_cards|Owners manage gift cards - all ; policy missing: salon_gift_card_redemptions|Owners manage gift card redemptions - all ; function missing: tg_salon_gift_card_apply_redemption"
20260524170000,20260524170000_salon_time_entries.sql,"NEVER-APPLIED (objects absent live, no later drop found — owner decides)","salon_time_entries|Owners manage time entries - all, salon_time_entries|Stylists can manage their own time entries, salon_time_entries_store_start_idx (on salon_time_entries)","policy missing: salon_time_entries|Owners manage time entries - all ; policy missing: salon_time_entries|Stylists can manage their own time entries ; index missing: salon_time_entries_store_start_idx (on salon_time_entries)"
20260524210000,20260524210000_salon_booking_addons_and_commission_payouts.sql,"NEVER-APPLIED (objects absent live, no later drop found — owner decides)","salon_booking_addons|Owners manage booking addons - all, salon_commission_payouts|Owners manage commission payouts - all, salon_commission_payouts|Stylists can read their own payouts","policy missing: salon_booking_addons|Owners manage booking addons - all ; policy missing: salon_commission_payouts|Owners manage commission payouts - all ; policy missing: salon_commission_payouts|Stylists can read their own payouts"
20260524220000,20260524220000_salon_bookings_realtime_publication.sql,"VERIFIER-LIMIT (unrecognized statements; manual review)","","unrecognized ALTER TABLE actions"
20260524230000,20260524230000_salon_booking_addons_rollup.sql,"NEVER-APPLIED (objects absent live, no later drop found — owner decides)","tg_salon_booking_addons_rollup, salon_booking_addons_rollup, salon_bookings|addons_duration_minutes","function missing: tg_salon_booking_addons_rollup ; trigger missing: salon_booking_addons_rollup ; column missing: salon_bookings|addons_duration_minutes"
20260524240000,20260524240000_salon_loyalty_includes_addons.sql,"DATA-EFFECTS (owner decides apply vs archive)","","data effects (INSERT/UPDATE/DELETE)"
20260524250000,20260524250000_salon_public_get_booking_with_addons.sql,"VERIFIER-LIMIT (unrecognized statements; manual review)","","dropped function still live: salon_public_get_booking"
20260524260000,20260524260000_salon_addons_rollup_end_at.sql,"NEVER-APPLIED (objects absent live, no later drop found — owner decides)","tg_salon_booking_addons_rollup","function missing: tg_salon_booking_addons_rollup"
20260524270000,20260524270000_salon_sidebar_badges_realtime.sql,"VERIFIER-LIMIT (unrecognized statements; manual review)","","unrecognized ALTER TABLE actions"
20260524280000,20260524280000_salon_completion_sync_restore_retail.sql,"DATA-EFFECTS (owner decides apply vs archive)","","data effects (INSERT/UPDATE/DELETE)"
20260524290000,20260524290000_salon_no_show_count_sync.sql,"NEVER-APPLIED (objects absent live, no later drop found — owner decides)","tg_salon_booking_no_show_count_sync, salon_bookings_no_show_count_sync","function missing: tg_salon_booking_no_show_count_sync ; trigger missing: salon_bookings_no_show_count_sync"
20260524300000,20260524300000_salon_clients_tags_and_no_show_count.sql,"NEVER-APPLIED (objects absent live, no later drop found — owner decides)","salon_clients_tags_idx (on salon_clients)","index missing: salon_clients_tags_idx (on salon_clients)"
20260524310000,20260524310000_salon_clients_tags_limits.sql,"NEVER-APPLIED (objects absent live, no later drop found — owner decides)","tg_salon_clients_validate_tags, salon_clients_validate_tags","function missing: tg_salon_clients_validate_tags ; trigger missing: salon_clients_validate_tags"
20260524320000,20260524320000_salon_public_stylist_busy.sql,"NEVER-APPLIED (objects absent live, no later drop found — owner decides)","salon_public_stylist_busy, salon_public_stylists_busy, salon_public_stylists_blockouts","function missing: salon_public_stylist_busy ; function missing: salon_public_stylists_busy ; function missing: salon_public_stylists_blockouts"
20260524330000,20260524330000_salon_retail_sku_unique.sql,"NEVER-APPLIED (objects absent live, no later drop found — owner decides)","salon_retail_products_store_sku_unique (on salon_retail_products)","index missing: salon_retail_products_store_sku_unique (on salon_retail_products)"
20260524340000,20260524340000_salon_bookings_cancellation_reason_limit.sql,"NEVER-APPLIED (objects absent live, no later drop found — owner decides)","salon_bookings|salon_bookings_cancellation_reason_length","unrecognized ALTER TABLE actions ; constraint missing: salon_bookings|salon_bookings_cancellation_reason_length"
20260524350000,20260524350000_salon_public_get_booking_with_ids_and_cancel_window.sql,"VERIFIER-LIMIT (unrecognized statements; manual review)","","dropped function still live: salon_public_get_booking"
20260524360000,20260524360000_salon_reminders.sql,"DATA-EFFECTS (owner decides apply vs archive)","","data effects (INSERT/UPDATE/DELETE) ; policy missing: salon_reminder_settings|Owners manage reminder settings - all ; policy missing: salon_reminders|Owners read reminders"
20260524370000,20260524370000_salon_customer_portal.sql,"DATA-EFFECTS (owner decides apply vs archive)","","data effects (INSERT/UPDATE/DELETE) ; policy missing: salon_loyalty_events|Clients view their own loyalty events ; policy missing: salon_gift_cards|Recipients view their own gift cards"
20260524380000,20260524380000_salon_reminders_followup.sql,"DATA-EFFECTS (owner decides apply vs archive)","","data effects (INSERT/UPDATE/DELETE) ; unrecognized ALTER TABLE actions ; policy missing: salon_notification_template_overrides|Owners manage their template overrides"
20260524390000,20260524390000_salon_campaigns.sql,"NEVER-APPLIED (objects absent live, no later drop found — owner decides)","salon_campaigns|Owners manage their campaigns, salon_campaign_recipients|Owners read their campaign recipients, salon_campaign_recipients","policy missing: salon_campaigns|Owners manage their campaigns ; policy missing: salon_campaign_recipients|Owners read their campaign recipients ; table missing: salon_campaign_recipients"
20260524410000,20260524410000_salon_public_booking_returns_refunded_cents.sql,"VERIFIER-LIMIT (unrecognized statements; manual review)","","dropped function still live: salon_public_get_booking"
20260524420000,20260524420000_salon_no_show_fees.sql,"DATA-EFFECTS (owner decides apply vs archive)","","data effects (INSERT/UPDATE/DELETE) ; unrecognized ALTER TABLE actions ; function missing: salon_public_get_payment_policy"
20260525040000,20260525040000_cafe_orders.sql,"NEVER-APPLIED (objects absent live, no later drop found — owner decides)","public, public","type missing: public ; type missing: public"
20260525060000,20260525060000_cafe_payments.sql,"NEVER-APPLIED (objects absent live, no later drop found — owner decides)","public, public","type missing: public ; type missing: public"
20260525070000,20260525070000_cafe_public_order_rpc.sql,"DATA-EFFECTS (owner decides apply vs archive)","","data effects (INSERT/UPDATE/DELETE)"
20260525100001,20260525100001_cafe_orders_realtime_publication.sql,"VERIFIER-LIMIT (unrecognized statements; manual review)","","unrecognized ALTER TABLE actions"
20260525120000,20260525120000_cafe_orders_status_timestamps.sql,"NEVER-APPLIED (objects absent live, no later drop found — owner decides)","tg_cafe_orders_status_timestamps, cafe_orders_status_timestamps","function missing: tg_cafe_orders_status_timestamps ; trigger missing: cafe_orders_status_timestamps"
20260525120001,20260525120001_cafe_reviews.sql,"NEVER-APPLIED (objects absent live, no later drop found — owner decides)","cafe_reviews_order_idx (on cafe_reviews)","index missing: cafe_reviews_order_idx (on cafe_reviews)"
20260525130000,20260525130000_cafe_orders_recalc_on_adjustment.sql,"NEVER-APPLIED (objects absent live, no later drop found — owner decides)","tg_cafe_orders_recalc_total, cafe_orders_recalc_total","function missing: tg_cafe_orders_recalc_total ; trigger missing: cafe_orders_recalc_total"
20260525130001,20260525130001_cafe_promotions.sql,"NEVER-APPLIED (objects absent live, no later drop found — owner decides)","public","type missing: public"
20260525160000,20260525160000_cafe_inventory_movements.sql,"NEVER-APPLIED (objects absent live, no later drop found — owner decides)","public","type missing: public"
20260525180000,20260525180000_cafe_purchase_orders.sql,"DATA-EFFECTS (owner decides apply vs archive)","","data effects (INSERT/UPDATE/DELETE) ; type missing: public"
20260525183303,20260525183303_ride_bakong_payment_idempotency.sql,"NEVER-APPLIED (objects absent live, no later drop found — owner decides)","ride_requests_bakong_reference_key (on ride_requests)","statement classes outside the verifier ; unrecognized ALTER TABLE actions ; index missing: ride_requests_bakong_reference_key (on ride_requests)"
20260525185220,20260525185220_ride_request_lifecycle_columns.sql,"NEVER-APPLIED (objects absent live, no later drop found — owner decides)","idx_ride_requests_cancelled_at (on ride_requests), idx_ride_requests_completed_at (on ride_requests)","statement classes outside the verifier ; index missing: idx_ride_requests_cancelled_at (on ride_requests) ; index missing: idx_ride_requests_completed_at (on ride_requests)"
20260525192409,20260525192409_admin_driver_payout_methods.sql,"NEVER-APPLIED (objects absent live, no later drop found — owner decides)","customer_payout_methods|Admins can view payout methods","statement classes outside the verifier ; policy missing: customer_payout_methods|Admins can view payout methods"
20260525200000,20260525200000_cafe_shifts.sql,"NEVER-APPLIED (objects absent live, no later drop found — owner decides)","public","type missing: public"
20260525210000,20260525210000_cafe_order_completion_hooks.sql,"DATA-EFFECTS (owner decides apply vs archive)","","data effects (INSERT/UPDATE/DELETE)"
20260525220000,20260525220000_cafe_checkout_tip_and_promo.sql,"DATA-EFFECTS (owner decides apply vs archive)","","data effects (INSERT/UPDATE/DELETE) ; dropped function still live: cafe_place_public_order"
20260525230000,20260525230000_cafe_public_review_rpc.sql,"DATA-EFFECTS (owner decides apply vs archive)","","data effects (INSERT/UPDATE/DELETE)"
20260525240000,20260525240000_cafe_checkout_gift_card.sql,"DATA-EFFECTS (owner decides apply vs archive)","","data effects (INSERT/UPDATE/DELETE) ; dropped function still live: cafe_place_public_order"
20260525260000,20260525260000_cafe_public_order_status_eta.sql,"VERIFIER-LIMIT (unrecognized statements; manual review)","","dropped function still live: cafe_public_order_status"
20260525270000,20260525270000_cafe_loyalty_redeem_at_checkout.sql,"DATA-EFFECTS (owner decides apply vs archive)","","data effects (INSERT/UPDATE/DELETE) ; dropped function still live: cafe_place_public_order"
20260525290000,20260525290000_cafe_scheduled_orders.sql,"DATA-EFFECTS (owner decides apply vs archive)","","data effects (INSERT/UPDATE/DELETE) ; dropped function still live: cafe_place_public_order"
20260525300000,20260525300000_cafe_settings.sql,"VERIFIER-LIMIT (unrecognized statements; manual review)","","dropped policy still live: cafe_settings|cafe_settings_select_all ; dropped policy still live: cafe_settings|cafe_settings_owner_manage"
20260525320000,20260525320000_cafe_till_sessions.sql,"VERIFIER-LIMIT (unrecognized statements; manual review)","","dropped policy still live: cafe_till_sessions|cafe_till_sessions_owner_manage"
20260525340000,20260525340000_cafe_rpc_reject_sold_out.sql,"DATA-EFFECTS (owner decides apply vs archive)","","data effects (INSERT/UPDATE/DELETE)"
20260525370000,20260525370000_cafe_inventory_realtime.sql,"VERIFIER-LIMIT (unrecognized statements; manual review)","","unrecognized ALTER TABLE actions"
20260525400001,20260525400001_car_rental_initial.sql,"NEVER-APPLIED (objects absent live, no later drop found — owner decides)","public|Owners manage %1$s - select","statement classes outside the verifier ; unrecognized ALTER TABLE actions ; policy missing: public|Owners manage %1$s - select"
20260525410000,20260525410000_cafe_till_drops.sql,"VERIFIER-LIMIT (unrecognized statements; manual review)","","dropped policy still live: cafe_till_drops|cafe_till_drops_owner_manage"
20260525410001,20260525410001_car_rental_expenses_maintenance.sql,"NEVER-APPLIED (objects absent live, no later drop found — owner decides)","public|Owners manage %1$s - select, public|Owners manage %1$s - insert, public|Owners manage %1$s - update","policy missing: public|Owners manage %1$s - select ; policy missing: public|Owners manage %1$s - insert ; policy missing: public|Owners manage %1$s - update"
20260525420001,20260525420001_car_rental_reviews_promotions.sql,"NEVER-APPLIED (objects absent live, no later drop found — owner decides)","public|Owners manage %1$s - select, public|Owners manage %1$s - insert, public|Owners manage %1$s - update","policy missing: public|Owners manage %1$s - select ; policy missing: public|Owners manage %1$s - insert ; policy missing: public|Owners manage %1$s - update"
20260525430000,20260525430000_cafe_tip_payouts.sql,"VERIFIER-LIMIT (unrecognized statements; manual review)","","dropped policy still live: cafe_tip_payouts|cafe_tip_payouts_owner_manage ; dropped policy still live: cafe_tip_payout_lines|cafe_tip_payout_lines_owner_manage"
20260525430001,20260525430001_car_rental_blackouts.sql,"NEVER-APPLIED (objects absent live, no later drop found — owner decides)","car_rental_vehicle_blackouts|car_rental_blackouts_no_overlap","statement classes outside the verifier ; unrecognized ALTER TABLE actions ; constraint missing: car_rental_vehicle_blackouts|car_rental_blackouts_no_overlap"
20260525450001,20260525450001_car_rental_compliance_and_tax.sql,"NEVER-APPLIED (objects absent live, no later drop found — owner decides)","car_rental_settings|Owners manage car-rental settings - all, car_rental_settings_set_updated_at","policy missing: car_rental_settings|Owners manage car-rental settings - all ; trigger missing: car_rental_settings_set_updated_at"
20260525460000,20260525460000_cafe_reservations.sql,"NEVER-APPLIED (objects absent live, no later drop found — owner decides)","public","dropped policy still live: cafe_reservations|cafe_reservations_owner_manage ; type missing: public"
20260525470000,20260525470000_cafe_public_reservation_rpc.sql,"DATA-EFFECTS (owner decides apply vs archive)","","data effects (INSERT/UPDATE/DELETE)"
20260525480000,20260525480000_cafe_reservations_realtime.sql,"VERIFIER-LIMIT (unrecognized statements; manual review)","","unrecognized ALTER TABLE actions"
20260525490000,20260525490000_cafe_customer_notes.sql,"VERIFIER-LIMIT (unrecognized statements; manual review)","","dropped policy still live: cafe_customer_notes|cafe_customer_notes_owner_manage"
20260525500001,20260525500001_car_dealership_initial.sql,"NEVER-APPLIED (objects absent live, no later drop found — owner decides)","public|Owners manage %1$s - select, public|Owners manage %1$s - insert, public|Owners manage %1$s - update","policy missing: public|Owners manage %1$s - select ; policy missing: public|Owners manage %1$s - insert ; policy missing: public|Owners manage %1$s - update"
20260525510001,20260525510001_car_dealership_promotions.sql,"NEVER-APPLIED (objects absent live, no later drop found — owner decides)","car_dealership_promotions|cd_promos_owner_select, car_dealership_promotions|cd_promos_public_read","policy missing: car_dealership_promotions|cd_promos_owner_select ; policy missing: car_dealership_promotions|cd_promos_public_read ; dropped policy still live: car_dealership_promotions|cd_promos_owner_insert"
20260525520000,20260525520000_cafe_rpc_happy_hour.sql,"DATA-EFFECTS (owner decides apply vs archive)","","data effects (INSERT/UPDATE/DELETE)"
20260525530000,20260525530000_cafe_bundles.sql,"VERIFIER-LIMIT (unrecognized statements; manual review)","","dropped policy still live: cafe_bundles|cafe_bundles_select_all ; dropped policy still live: cafe_bundles|cafe_bundles_owner_manage ; dropped policy still live: cafe_bundle_items|cafe_bundle_items_select_all"
20260525530001,20260525530001_car_dealership_deal_documents.sql,"VERIFIER-LIMIT (unrecognized statements; manual review)","","statement classes outside the verifier"
20260525540000,20260525540000_cafe_rpc_bundles.sql,"DATA-EFFECTS (owner decides apply vs archive)","","data effects (INSERT/UPDATE/DELETE)"
20260525540001,20260525540001_car_dealership_public_reviews.sql,"NEVER-APPLIED (objects absent live, no later drop found — owner decides)","car_dealership_reviews|Public submit dealership review","statement classes outside the verifier ; policy missing: car_dealership_reviews|Public submit dealership review"
20260525560001,20260525560001_car_dealership_schedule_public_test_drive_rpc.sql,"DATA-EFFECTS (owner decides apply vs archive)","","data effects (INSERT/UPDATE/DELETE)"
20260526000000,20260526000000_cafe_bundle_window.sql,"VERIFIER-LIMIT (unrecognized statements; manual review)","","unrecognized ALTER TABLE actions"
20260526000001,20260526000001_salon_stylist_stripe_connect.sql,"NEVER-APPLIED (objects absent live, no later drop found — owner decides)","salon_public_get_stylist_connect_status, salon_public_get_stylist_earnings","unrecognized ALTER TABLE actions ; function missing: salon_public_get_stylist_connect_status ; function missing: salon_public_get_stylist_earnings"
20260526010000,20260526010000_cafe_rpc_bundle_window_check.sql,"DATA-EFFECTS (owner decides apply vs archive)","","data effects (INSERT/UPDATE/DELETE)"
20260526020000,20260526020000_cafe_public_order_status_with_slug.sql,"VERIFIER-LIMIT (unrecognized statements; manual review)","","dropped function still live: cafe_public_order_status"
20260526060000,20260526060000_cafe_public_order_status_currency.sql,"VERIFIER-LIMIT (unrecognized statements; manual review)","","dropped function still live: cafe_public_order_status"
20260526070000,20260526070000_cafe_order_item_voids.sql,"DATA-EFFECTS (owner decides apply vs archive)","","data effects (INSERT/UPDATE/DELETE) ; dropped policy still live: cafe_order_item_voids|cafe_order_item_voids_owner_read ; dropped policy still live: cafe_order_item_voids|cafe_order_item_voids_no_direct_insert"
20260526120000,20260526120000_car_rental_reservation_events.sql,"DATA-EFFECTS (owner decides apply vs archive)","","data effects (INSERT/UPDATE/DELETE) ; policy missing: car_rental_reservation_events|Public read reservation events"
20260526165000,20260526165000_sensitive_media_controls.sql,"DATA-EFFECTS (owner decides apply vs archive)","","statement classes outside the verifier ; data effects (INSERT/UPDATE/DELETE) ; policy missing: comment_reports|comment_reports_insert_own"
20260526183749,20260526183749_group_chat_pinning_avatar_media_policy.sql,"NEVER-APPLIED (objects absent live, no later drop found — owner decides)","group_messages|Admins can pin group messages, storage|chat_media_select_owner_or_recipient","unrecognized ALTER TABLE actions ; policy missing: group_messages|Admins can pin group messages ; policy missing: storage|chat_media_select_owner_or_recipient"
20260526184329,20260526184329_lodge_guest_booking_rpc.sql,"DATA-EFFECTS (owner decides apply vs archive)","","statement classes outside the verifier ; data effects (INSERT/UPDATE/DELETE) ; function missing: private"
20260526202236,20260526202236_admin_safety_review_inbox.sql,"NEVER-APPLIED (objects absent live, no later drop found — owner decides)","content_moderation_queue|Admins can read moderation queue, content_moderation_queue|Admins can update moderation queue, moderation_actions|Admins can read moderation actions","policy missing: content_moderation_queue|Admins can read moderation queue ; policy missing: content_moderation_queue|Admins can update moderation queue ; policy missing: moderation_actions|Admins can read moderation actions"
20260526210000,20260526210000_ar_schema_completion.sql,"NEVER-APPLIED (objects absent live, no later drop found — owner decides)","idx_ar_estimates_share_token (on ar_estimates)","index missing: idx_ar_estimates_share_token (on ar_estimates)"
20260526211548,20260526211548_story_sensitive_media_controls.sql,"DATA-EFFECTS (owner decides apply vs archive)","","statement classes outside the verifier ; data effects (INSERT/UPDATE/DELETE) ; policy missing: story_reports|story_reports_insert_own"
20260526221927,20260526221927_group_stars_locked_media.sql,"DATA-EFFECTS (owner decides apply vs archive)","","statement classes outside the verifier ; data effects (INSERT/UPDATE/DELETE) ; policy missing: storage|chat_media_select_owner_or_recipient"
20260527000000,20260527000000_salon_online_tipping.sql,"DATA-EFFECTS (owner decides apply vs archive)","","data effects (INSERT/UPDATE/DELETE) ; unrecognized ALTER TABLE actions ; function missing: salon_public_get_tip_policy"
20260527161700,20260527161700_fix_group_paid_album_storage_policy.sql,"NEVER-APPLIED (objects absent live, no later drop found — owner decides)","storage|chat_media_select_owner_or_recipient, private","policy missing: storage|chat_media_select_owner_or_recipient ; function missing: private"
20260527163358,20260527163358_restore_chat_media_storage_policy.sql,"NEVER-APPLIED (objects absent live, no later drop found — owner decides)","storage|chat_media_select_owner_or_recipient","policy missing: storage|chat_media_select_owner_or_recipient"
20260527164312,20260527164312_fix_zivo_service_photo_storage_recursion.sql,"NEVER-APPLIED (objects absent live, no later drop found — owner decides)","storage|zivo_service_photos_insert, storage|zivo_service_photos_read","statement classes outside the verifier ; policy missing: storage|zivo_service_photos_insert ; policy missing: storage|zivo_service_photos_read"
20260528000000,20260528000000_salon_booking_series.sql,"DATA-EFFECTS (owner decides apply vs archive)","","data effects (INSERT/UPDATE/DELETE) ; policy missing: salon_booking_series|Owners manage booking series - all ; policy missing: salon_booking_series|Clients can read their own series"
20260528000001,20260528000001_creator_type_and_ppv.sql,"DATA-EFFECTS (owner decides apply vs archive)","","data effects (INSERT/UPDATE/DELETE) ; policy missing: ppv_unlocks|ppv_unlocks_insert_self ; policy missing: storage|ppv_media_owner_upload"
20260528000002,20260528000002_direct_message_unlocks.sql,"NEVER-APPLIED (objects absent live, no later drop found — owner decides)","direct_message_unlocks|dm_unlocks_insert_self","policy missing: direct_message_unlocks|dm_unlocks_insert_self ; dropped policy still live: direct_message_unlocks|dm_unlocks_read_own"
20260528000005,20260528000005_wallet_unlock_rpcs.sql,"DATA-EFFECTS (owner decides apply vs archive)","","data effects (INSERT/UPDATE/DELETE)"
20260528000008,20260528000008_close_paywall_bypass.sql,"DATA-EFFECTS (owner decides apply vs archive)","","data effects (INSERT/UPDATE/DELETE) ; dropped policy still live: direct_message_locked_payloads|dm_locked_payloads_read ; dropped policy still live: direct_message_locked_payloads|dm_locked_payloads_insert"
20260528000009,20260528000009_ppv_free_for_subscribers.sql,"DATA-EFFECTS (owner decides apply vs archive)","","data effects (INSERT/UPDATE/DELETE)"
20260528000010,20260528000010_admin_content_reports.sql,"VERIFIER-LIMIT (unrecognized statements; manual review)","","dropped policy still live: content_reports|content_reports_admin_read ; dropped policy still live: content_reports|content_reports_admin_update"
20260528000011,20260528000011_content_reports.sql,"VERIFIER-LIMIT (unrecognized statements; manual review)","","dropped policy still live: content_reports|content_reports_reporter_read ; dropped policy still live: content_reports|content_reports_reporter_insert"
20260528000012,20260528000012_job_postings_rls.sql,"NEVER-APPLIED (objects absent live, no later drop found — owner decides)","job_postings|job_postings_read, job_postings|job_postings_insert_own, job_postings|job_postings_update_own","policy missing: job_postings|job_postings_read ; policy missing: job_postings|job_postings_insert_own ; policy missing: job_postings|job_postings_update_own"
20260528000014,20260528000014_job_applications_update_tightening.sql,"NEVER-APPLIED (objects absent live, no later drop found — owner decides)","job_applications|job_applications_update_applicant, job_applications|job_applications_update_poster","policy missing: job_applications|job_applications_update_applicant ; policy missing: job_applications|job_applications_update_poster"
20260528000015,20260528000015_voice_rooms_rls.sql,"NEVER-APPLIED (objects absent live, no later drop found — owner decides)","voice_rooms|voice_rooms_read, voice_rooms|voice_rooms_insert_own, voice_rooms|voice_rooms_update_own","policy missing: voice_rooms|voice_rooms_read ; policy missing: voice_rooms|voice_rooms_insert_own ; policy missing: voice_rooms|voice_rooms_update_own"
20260528000016,20260528000016_close_subscriber_paywall_bypass.sql,"DATA-EFFECTS (owner decides apply vs archive)","","data effects (INSERT/UPDATE/DELETE) ; policy missing: creator_subscriptions|cs_ins_free_tier_only ; dropped policy still live: creator_subscriptions|cs_upd"
20260528000017,20260528000017_ppv_scheduling.sql,"VERIFIER-LIMIT (unrecognized statements; manual review)","","dropped policy still live: ppv_posts|ppv_posts_read_published"
20260529000000,20260529000000_salon_two_way_sms.sql,"NEVER-APPLIED (objects absent live, no later drop found — owner decides)","salon_public_confirm_booking, salon_sms_inbound_log|salon_sms_inbound_log_processed_action_check","unrecognized ALTER TABLE actions ; function missing: salon_public_confirm_booking ; constraint missing: salon_sms_inbound_log|salon_sms_inbound_log_processed_action_check"
20260529120000,20260529120000_autorepair_invoice_tax_and_payment_status.sql,"PARTIALLY-RETIRED (some objects dropped later, others never created)","table:ar_shop_settings dropped by 20260529130000_drop_ar_shop_settings.sql","policy missing: ar_shop_settings|Owners manage their ar_shop_settings ; policy missing: ar_shop_settings|Admins manage all ar_shop_settings ; table missing: ar_shop_settings"
20260529130001,20260529130001_fix_autorepair_rls_store_profiles.sql,"NEVER-APPLIED (objects absent live, no later drop found — owner decides)","public|merged_all_authenticated, public|merged_all_authenticated, public|merged_all_public","policy missing: public|merged_all_authenticated ; policy missing: public|merged_all_authenticated ; policy missing: public|merged_all_public"
20260529140000,20260529140000_create_part_images_bucket.sql,"DATA-EFFECTS (owner decides apply vs archive)","","data effects (INSERT/UPDATE/DELETE) ; policy missing: storage|part_images_authenticated_write ; policy missing: storage|part_images_authenticated_update"
20260529150000,20260529150000_autorepair_sequential_doc_numbers.sql,"DATA-EFFECTS (owner decides apply vs archive)","","data effects (INSERT/UPDATE/DELETE)"
20260529160000,20260529160000_autorepair_parts_catalog_columns.sql,"NEVER-APPLIED (objects absent live, no later drop found — owner decides)","ar_parts|ar_parts_store_sku_unique","constraint missing: ar_parts|ar_parts_store_sku_unique"
20260529170001,20260529170001_car_rental_secure_reservation_access.sql,"DATA-EFFECTS (owner decides apply vs archive)","","data effects (INSERT/UPDATE/DELETE) ; function missing: get_car_rental_reservation_by_code ; function missing: get_car_rental_reservation_for_review"
20260529170500,20260529170500_car_rental_pii_column_grants.sql,"VERIFIER-LIMIT (unrecognized statements; manual review)","","unrecognized ALTER TABLE actions"
20260529171000,20260529171000_car_rental_sanitize_reservation_rpc.sql,"VERIFIER-LIMIT (unrecognized statements; manual review)","","dropped function still live: get_car_rental_reservation"
20260530000000,20260530000000_salon_booking_payments.sql,"DATA-EFFECTS (owner decides apply vs archive)","","data effects (INSERT/UPDATE/DELETE) ; unrecognized ALTER TABLE actions ; policy missing: salon_booking_payments|Owners manage booking payments - all"
20260531000000,20260531000000_salon_stylist_self_service.sql,"DATA-EFFECTS (owner decides apply vs archive)","","data effects (INSERT/UPDATE/DELETE) ; function missing: salon_public_stylist_open_shift ; function missing: salon_public_stylist_clock_in"
20260531142721,20260531142721_data_api_grants_recent_public_tables.sql,"GRANT-DIFFERS (live grants differ from file)","","grant state does not match file (live differs)"
20260531193000,20260531193000_store_payment_methods_owner_policy.sql,"NEVER-APPLIED (objects absent live, no later drop found — owner decides)","store_payment_methods|Store owners and admins can manage store payment methods","policy missing: store_payment_methods|Store owners and admins can manage store payment methods"
20260531194500,20260531194500_shopping_orders_customer_driver_policy.sql,"NEVER-APPLIED (objects absent live, no later drop found — owner decides)","shopping_orders|Users can update own shopping orders, shopping_orders|Drivers can view assigned shopping orders","unrecognized ALTER TABLE actions ; policy missing: shopping_orders|Users can update own shopping orders ; policy missing: shopping_orders|Drivers can view assigned shopping orders"
20260531204500,20260531204500_atomic_customer_wallet_withdrawal.sql,"DATA-EFFECTS (owner decides apply vs archive)","","data effects (INSERT/UPDATE/DELETE) ; function missing: process_customer_wallet_withdrawal"
20260531210000,20260531210000_merchant_payout_requests_server_gate.sql,"VERIFIER-LIMIT (unrecognized statements; manual review)","","statement classes outside the verifier"
20260531211500,20260531211500_ar_payout_records_server_gate.sql,"NEVER-APPLIED (objects absent live, no later drop found — owner decides)","ar_payouts|Owners view their ar_payouts","statement classes outside the verifier ; policy missing: ar_payouts|Owners view their ar_payouts"
20260531213000,20260531213000_cafe_tip_payouts_server_gate.sql,"NEVER-APPLIED (objects absent live, no later drop found — owner decides)","cafe_tip_payouts|cafe_tip_payouts_owner_read, cafe_tip_payout_lines|cafe_tip_payout_lines_owner_read","statement classes outside the verifier ; policy missing: cafe_tip_payouts|cafe_tip_payouts_owner_read ; policy missing: cafe_tip_payout_lines|cafe_tip_payout_lines_owner_read"
20260531214500,20260531214500_salon_commission_payouts_server_gate.sql,"NEVER-APPLIED (objects absent live, no later drop found — owner decides)","salon_commission_payouts|Owners read commission payouts","statement classes outside the verifier ; policy missing: salon_commission_payouts|Owners read commission payouts"
20260531220000,20260531220000_customer_payout_methods_server_gate.sql,"NEVER-APPLIED (objects absent live, no later drop found — owner decides)","customer_payout_methods|Store owners view their store payout methods","statement classes outside the verifier ; unrecognized ALTER TABLE actions ; policy missing: customer_payout_methods|Store owners view their store payout methods"
20260531221500,20260531221500_creator_payout_methods_server_gate.sql,"NEVER-APPLIED (objects absent live, no later drop found — owner decides)","prevent_direct_creator_payout_profile_writes, trg_prevent_direct_creator_payout_profile_writes","statement classes outside the verifier ; function missing: prevent_direct_creator_payout_profile_writes ; trigger missing: trg_prevent_direct_creator_payout_profile_writes"
20260531223000,20260531223000_creator_subscriptions_server_gate.sql,"VERIFIER-LIMIT (unrecognized statements; manual review)","","statement classes outside the verifier ; dropped policy still live: creator_subscriptions|cs_ins"
20260531224500,20260531224500_paid_content_access_server_gate.sql,"VERIFIER-LIMIT (unrecognized statements; manual review)","","statement classes outside the verifier ; dropped policy still live: paid_content_access|pca_ins"
20260531230000,20260531230000_creator_tips_server_gate.sql,"VERIFIER-LIMIT (unrecognized statements; manual review)","","statement classes outside the verifier ; dropped policy still live: creator_tips|ct_ins"
20260531231500,20260531231500_fan_badges_server_gate.sql,"VERIFIER-LIMIT (unrecognized statements; manual review)","","statement classes outside the verifier ; dropped policy still live: fan_badges|fb_ins"
20260531233000,20260531233000_creator_milestones_server_gate.sql,"VERIFIER-LIMIT (unrecognized statements; manual review)","","statement classes outside the verifier"
20260531234500,20260531234500_creator_profile_protected_fields_server_gate.sql,"NEVER-APPLIED (objects absent live, no later drop found — owner decides)","prevent_direct_creator_payout_profile_writes","statement classes outside the verifier ; function missing: prevent_direct_creator_payout_profile_writes"
20260601000000,20260601000000_revoke_anon_execute_admin_rpcs.sql,"DATA-EFFECTS (owner decides apply vs archive)","","data effects (INSERT/UPDATE/DELETE) ; policy missing: salon_color_formulas|Owners manage color formulas - all ; policy missing: salon_color_formulas|Stylists can manage their own formulas"
20260601000000,20260601000000_salon_color_formulas.sql,"DATA-EFFECTS (owner decides apply vs archive)","","data effects (INSERT/UPDATE/DELETE) ; policy missing: salon_color_formulas|Owners manage color formulas - all ; policy missing: salon_color_formulas|Stylists can manage their own formulas"
20260601000500,20260601000500_creator_links_owner_and_metrics_gate.sql,"NEVER-APPLIED (objects absent live, no later drop found — owner decides)","creator_links|cln_ins_profile_owner, creator_links|cln_upd_profile_owner","statement classes outside the verifier ; policy missing: creator_links|cln_ins_profile_owner ; policy missing: creator_links|cln_upd_profile_owner"
20260601001500,20260601001500_affiliate_links_owner_and_metrics_gate.sql,"NEVER-APPLIED (objects absent live, no later drop found — owner decides)","affiliate_links|affiliate_links_owner_read, affiliate_links|affiliate_links_owner_insert","statement classes outside the verifier ; policy missing: affiliate_links|affiliate_links_owner_read ; policy missing: affiliate_links|affiliate_links_owner_insert"
20260601003000,20260601003000_affiliate_links_url_safety_gate.sql,"NEVER-APPLIED (objects absent live, no later drop found — owner decides)","prevent_direct_affiliate_link_metric_writes","statement classes outside the verifier ; function missing: prevent_direct_affiliate_link_metric_writes"
20260601004500,20260601004500_affiliate_click_logs_server_gate.sql,"VERIFIER-LIMIT (unrecognized statements; manual review)","","statement classes outside the verifier"
20260601010000,20260601010000_analytics_events_server_gate.sql,"VERIFIER-LIMIT (unrecognized statements; manual review)","","statement classes outside the verifier ; dropped policy still live: analytics_events|analytics_insert_anon ; dropped policy still live: analytics_events|analytics_insert_auth"
20260601011500,20260601011500_travel_tracking_server_gate.sql,"VERIFIER-LIMIT (unrecognized statements; manual review)","","statement classes outside the verifier ; dropped policy still live: abandoned_searches|abandoned_insert_own_email"
20260601013000,20260601013000_live_stream_signals_server_gate.sql,"VERIFIER-LIMIT (unrecognized statements; manual review)","","statement classes outside the verifier"
20260601014500,20260601014500_legal_acceptance_server_gate.sql,"VERIFIER-LIMIT (unrecognized statements; manual review)","","statement classes outside the verifier ; dropped policy still live: user_consent_logs|ucl_user_insert ; dropped policy still live: role_terms_acceptance|rta_user_insert"
20260601020000,20260601020000_legal_disputes_server_gate.sql,"VERIFIER-LIMIT (unrecognized statements; manual review)","","statement classes outside the verifier ; dropped policy still live: legal_disputes|ld_user_insert"
20260601021500,20260601021500_bug_reports_server_gate.sql,"NEVER-APPLIED (objects absent live, no later drop found — owner decides)","bug_reports|bug_reports_select_own","statement classes outside the verifier ; policy missing: bug_reports|bug_reports_select_own"
20260601023000,20260601023000_security_reports_server_gate.sql,"NEVER-APPLIED (objects absent live, no later drop found — owner decides)","feedback_submissions|feedback_submissions_block_security_report_direct","statement classes outside the verifier ; policy missing: feedback_submissions|feedback_submissions_block_security_report_direct"
20260601024500,20260601024500_privacy_requests_server_gate.sql,"NEVER-APPLIED (objects absent live, no later drop found — owner decides)","feedback_submissions|feedback_submissions_block_privacy_direct","statement classes outside the verifier ; policy missing: feedback_submissions|feedback_submissions_block_privacy_direct"
20260601030000,20260601030000_data_export_request_server_gate.sql,"NEVER-APPLIED (objects absent live, no later drop found — owner decides)","feedback_submissions|feedback_submissions_block_data_export_direct","statement classes outside the verifier ; policy missing: feedback_submissions|feedback_submissions_block_data_export_direct"
20260601031500,20260601031500_refund_requests_server_gate.sql,"NEVER-APPLIED (objects absent live, no later drop found — owner decides)","feedback_submissions|feedback_submissions_block_refund_direct","statement classes outside the verifier ; policy missing: feedback_submissions|feedback_submissions_block_refund_direct"
20260601033000,20260601033000_support_tickets_server_gate.sql,"NEVER-APPLIED (objects absent live, no later drop found — owner decides)","feedback_submissions|feedback_submissions_block_support_ticket_direct","statement classes outside the verifier ; policy missing: feedback_submissions|feedback_submissions_block_support_ticket_direct"
20260601034500,20260601034500_service_waitlist_server_gate.sql,"NEVER-APPLIED (objects absent live, no later drop found — owner decides)","feedback_submissions|feedback_submissions_block_service_waitlist_direct","statement classes outside the verifier ; policy missing: feedback_submissions|feedback_submissions_block_service_waitlist_direct"
20260601040000,20260601040000_product_feedback_server_gate.sql,"NEVER-APPLIED (objects absent live, no later drop found — owner decides)","feedback_submissions|feedback_submissions_block_product_feedback_direct","statement classes outside the verifier ; policy missing: feedback_submissions|feedback_submissions_block_product_feedback_direct"
20260601041500,20260601041500_marketing_interest_server_gate.sql,"NEVER-APPLIED (objects absent live, no later drop found — owner decides)","feedback_submissions|feedback_submissions_block_marketing_interest_direct","statement classes outside the verifier ; policy missing: feedback_submissions|feedback_submissions_block_marketing_interest_direct"
20260601043000,20260601043000_ride_support_server_gate.sql,"NEVER-APPLIED (objects absent live, no later drop found — owner decides)","feedback_submissions|feedback_submissions_block_ride_support_direct","statement classes outside the verifier ; policy missing: feedback_submissions|feedback_submissions_block_ride_support_direct"
20260601044500,20260601044500_shop_ops_records_server_gate.sql,"NEVER-APPLIED (objects absent live, no later drop found — owner decides)","feedback_submissions|feedback_submissions_block_shop_ops_direct","statement classes outside the verifier ; policy missing: feedback_submissions|feedback_submissions_block_shop_ops_direct"
20260601050000,20260601050000_travel_support_server_gate.sql,"NEVER-APPLIED (objects absent live, no later drop found — owner decides)","feedback_submissions|feedback_submissions_block_travel_support_direct","statement classes outside the verifier ; policy missing: feedback_submissions|feedback_submissions_block_travel_support_direct"
20260601051500,20260601051500_concierge_messages_server_gate.sql,"NEVER-APPLIED (objects absent live, no later drop found — owner decides)","feedback_submissions|feedback_submissions_block_concierge_direct","statement classes outside the verifier ; policy missing: feedback_submissions|feedback_submissions_block_concierge_direct"
20260601053000,20260601053000_admin_feedback_queue_server_gate.sql,"NEVER-APPLIED (objects absent live, no later drop found — owner decides)","feedback_submissions|feedback_submissions_block_admin_queue_direct","statement classes outside the verifier ; policy missing: feedback_submissions|feedback_submissions_block_admin_queue_direct"
20260601054500,20260601054500_social_safety_reports_server_gate.sql,"NEVER-APPLIED (objects absent live, no later drop found — owner decides)","post_reports|post_reports_block_direct_insert, comment_reports|comment_reports_block_direct_insert","statement classes outside the verifier ; policy missing: post_reports|post_reports_block_direct_insert ; policy missing: comment_reports|comment_reports_block_direct_insert"
20260601060000,20260601060000_story_chat_safety_reports_server_gate.sql,"NEVER-APPLIED (objects absent live, no later drop found — owner decides)","story_reports|story_reports_block_direct_insert, story_comment_reports|story_comment_reports_block_direct_insert","statement classes outside the verifier ; policy missing: story_reports|story_reports_block_direct_insert ; policy missing: story_comment_reports|story_comment_reports_block_direct_insert"
20260601061500,20260601061500_moderation_appeals_server_gate.sql,"NEVER-APPLIED (objects absent live, no later drop found — owner decides)","appeal_requests|appeal_requests_block_direct_insert","statement classes outside the verifier ; policy missing: appeal_requests|appeal_requests_block_direct_insert"
20260601063000,20260601063000_admin_moderation_review_server_gate.sql,"NEVER-APPLIED (objects absent live, no later drop found — owner decides)","content_moderation_queue|content_moderation_queue_block_direct_update, moderation_actions|moderation_actions_block_direct_insert","statement classes outside the verifier ; policy missing: content_moderation_queue|content_moderation_queue_block_direct_update ; policy missing: moderation_actions|moderation_actions_block_direct_insert"
20260601064500,20260601064500_admin_content_reports_status_server_gate.sql,"NEVER-APPLIED (objects absent live, no later drop found — owner decides)","content_reports|content_reports_block_direct_update","statement classes outside the verifier ; policy missing: content_reports|content_reports_block_direct_update"
20260601070000,20260601070000_account_security_settings_server_gate.sql,"NEVER-APPLIED (objects absent live, no later drop found — owner decides)","two_step_auth|two_step_auth_block_direct_insert, two_step_auth|two_step_auth_block_direct_update","statement classes outside the verifier ; policy missing: two_step_auth|two_step_auth_block_direct_insert ; policy missing: two_step_auth|two_step_auth_block_direct_update"
20260601071500,20260601071500_user_session_presence_server_gate.sql,"NEVER-APPLIED (objects absent live, no later drop found — owner decides)","user_sessions|user_sessions_block_direct_insert, user_sessions|user_sessions_block_direct_update","statement classes outside the verifier ; policy missing: user_sessions|user_sessions_block_direct_insert ; policy missing: user_sessions|user_sessions_block_direct_update"
20260601073000,20260601073000_device_keys_server_gate.sql,"NEVER-APPLIED (objects absent live, no later drop found — owner decides)","device_keys|device_keys_block_direct_insert, device_keys|device_keys_block_direct_update","statement classes outside the verifier ; policy missing: device_keys|device_keys_block_direct_insert ; policy missing: device_keys|device_keys_block_direct_update"
20260601074500,20260601074500_privacy_settings_server_gate.sql,"NEVER-APPLIED (objects absent live, no later drop found — owner decides)","privacy_settings|privacy_settings_block_direct_insert, privacy_settings|privacy_settings_block_direct_update","statement classes outside the verifier ; policy missing: privacy_settings|privacy_settings_block_direct_insert ; policy missing: privacy_settings|privacy_settings_block_direct_update"
20260601080000,20260601080000_close_friends_server_gate.sql,"NEVER-APPLIED (objects absent live, no later drop found — owner decides)","close_friends|close_friends_block_direct_insert, close_friends|close_friends_block_direct_delete","statement classes outside the verifier ; policy missing: close_friends|close_friends_block_direct_insert ; policy missing: close_friends|close_friends_block_direct_delete"
20260601081500,20260601081500_blocked_users_server_gate.sql,"NEVER-APPLIED (objects absent live, no later drop found — owner decides)","blocked_users|blocked_users_block_direct_insert, blocked_users|blocked_users_block_direct_update","statement classes outside the verifier ; policy missing: blocked_users|blocked_users_block_direct_insert ; policy missing: blocked_users|blocked_users_block_direct_update"
20260601083000,20260601083000_chat_thread_settings_server_gate.sql,"NEVER-APPLIED (objects absent live, no later drop found — owner decides)","chat_thread_settings|chat_thread_settings_block_direct_insert, chat_thread_settings|chat_thread_settings_block_direct_update","statement classes outside the verifier ; policy missing: chat_thread_settings|chat_thread_settings_block_direct_insert ; policy missing: chat_thread_settings|chat_thread_settings_block_direct_update"
20260601084500,20260601084500_muted_conversations_server_gate.sql,"NEVER-APPLIED (objects absent live, no later drop found — owner decides)","muted_conversations|muted_conversations_block_direct_insert, muted_conversations|muted_conversations_block_direct_update","statement classes outside the verifier ; policy missing: muted_conversations|muted_conversations_block_direct_insert ; policy missing: muted_conversations|muted_conversations_block_direct_update"
20260601090000,20260601090000_user_contacts_server_gate.sql,"NEVER-APPLIED (objects absent live, no later drop found — owner decides)","user_contacts|user_contacts_block_direct_insert, user_contacts|user_contacts_block_direct_update","statement classes outside the verifier ; policy missing: user_contacts|user_contacts_block_direct_insert ; policy missing: user_contacts|user_contacts_block_direct_update"
20260601091500,20260601091500_contact_requests_server_gate.sql,"NEVER-APPLIED (objects absent live, no later drop found — owner decides)","contact_requests|contact_requests_block_direct_insert, contact_requests|contact_requests_block_direct_update","statement classes outside the verifier ; policy missing: contact_requests|contact_requests_block_direct_insert ; policy missing: contact_requests|contact_requests_block_direct_update"
20260601093000,20260601093000_user_safety_actions_server_gate.sql,"NEVER-APPLIED (objects absent live, no later drop found — owner decides)","user_safety_actions|user_safety_actions_block_direct_insert, user_safety_actions|user_safety_actions_block_direct_update","statement classes outside the verifier ; policy missing: user_safety_actions|user_safety_actions_block_direct_insert ; policy missing: user_safety_actions|user_safety_actions_block_direct_update"
20260601094500,20260601094500_push_subscriptions_server_gate.sql,"NEVER-APPLIED (objects absent live, no later drop found — owner decides)","push_subscriptions|push_subscriptions_block_direct_insert, push_subscriptions|push_subscriptions_block_direct_update","statement classes outside the verifier ; policy missing: push_subscriptions|push_subscriptions_block_direct_insert ; policy missing: push_subscriptions|push_subscriptions_block_direct_update"
20260601100000,20260601100000_notifications_server_gate.sql,"NEVER-APPLIED (objects absent live, no later drop found — owner decides)","notifications|notifications_block_direct_update, notifications|notifications_block_direct_delete","statement classes outside the verifier ; policy missing: notifications|notifications_block_direct_update ; policy missing: notifications|notifications_block_direct_delete"
20260601101500,20260601101500_job_invite_notifications_server_gate.sql,"NEVER-APPLIED (objects absent live, no later drop found — owner decides)","notifications|notifications_block_direct_job_invite_insert","statement classes outside the verifier ; policy missing: notifications|notifications_block_direct_job_invite_insert"
20260601103000,20260601103000_admin_broadcast_notifications_server_gate.sql,"NEVER-APPLIED (objects absent live, no later drop found — owner decides)","notifications|notifications_block_direct_admin_broadcast_insert","statement classes outside the verifier ; policy missing: notifications|notifications_block_direct_admin_broadcast_insert"
20260601104500,20260601104500_notification_preferences_server_gate.sql,"NEVER-APPLIED (objects absent live, no later drop found — owner decides)","notification_preferences|notification_preferences_block_direct_insert, notification_preferences|notification_preferences_block_direct_update","statement classes outside the verifier ; policy missing: notification_preferences|notification_preferences_block_direct_insert ; policy missing: notification_preferences|notification_preferences_block_direct_update"
20260601110000,20260601110000_user_notifications_server_gate.sql,"NEVER-APPLIED (objects absent live, no later drop found — owner decides)","user_notifications|user_notifications_block_direct_insert, user_notifications|user_notifications_block_direct_update","statement classes outside the verifier ; policy missing: user_notifications|user_notifications_block_direct_insert ; policy missing: user_notifications|user_notifications_block_direct_update"
20260601111500,20260601111500_linked_devices_server_gate.sql,"NEVER-APPLIED (objects absent live, no later drop found — owner decides)","linked_devices|linked_devices_block_direct_delete","statement classes outside the verifier ; policy missing: linked_devices|linked_devices_block_direct_delete"
20260601113000,20260601113000_zivo_payment_methods_server_gate.sql,"NEVER-APPLIED (objects absent live, no later drop found — owner decides)","zivo_payment_methods|zivo_payment_methods_block_direct_insert, zivo_payment_methods|zivo_payment_methods_block_direct_update","statement classes outside the verifier ; policy missing: zivo_payment_methods|zivo_payment_methods_block_direct_insert ; policy missing: zivo_payment_methods|zivo_payment_methods_block_direct_update"
20260601114500,20260601114500_share_to_earn_server_gate.sql,"NEVER-APPLIED (objects absent live, no later drop found — owner decides)","user_referral_codes|Users can read own referral code, user_referral_codes|user_referral_codes_block_direct_insert","statement classes outside the verifier ; policy missing: user_referral_codes|Users can read own referral code ; policy missing: user_referral_codes|user_referral_codes_block_direct_insert"
20260601120000,20260601120000_loyalty_points_server_gate.sql,"NEVER-APPLIED (objects absent live, no later drop found — owner decides)","loyalty_points|loyalty_points_block_direct_insert, loyalty_points|loyalty_points_block_direct_update","statement classes outside the verifier ; policy missing: loyalty_points|loyalty_points_block_direct_insert ; policy missing: loyalty_points|loyalty_points_block_direct_update"
20260601121500,20260601121500_customer_wallet_payment_server_gate.sql,"DATA-EFFECTS (owner decides apply vs archive)","","statement classes outside the verifier ; data effects (INSERT/UPDATE/DELETE) ; dropped policy still live: customer_wallets|customer_wallets_block_direct_insert"
20260601123000,20260601123000_food_order_payment_status_server_gate.sql,"NEVER-APPLIED (objects absent live, no later drop found — owner decides)","food_order_payment_status_server_gate, trg_food_order_payment_status_server_gate","statement classes outside the verifier ; function missing: food_order_payment_status_server_gate ; trigger missing: trg_food_order_payment_status_server_gate"
20260601124500,20260601124500_food_order_state_server_gate.sql,"NEVER-APPLIED (objects absent live, no later drop found — owner decides)","food_order_state_server_gate, trg_food_order_state_server_gate","statement classes outside the verifier ; function missing: food_order_state_server_gate ; trigger missing: trg_food_order_state_server_gate"
20260601130000,20260601130000_shopping_order_state_server_gate.sql,"NEVER-APPLIED (objects absent live, no later drop found — owner decides)","shopping_order_state_server_gate, trg_shopping_order_state_server_gate","statement classes outside the verifier ; function missing: shopping_order_state_server_gate ; trigger missing: trg_shopping_order_state_server_gate"
20260601131500,20260601131500_store_order_state_server_gate.sql,"NEVER-APPLIED (objects absent live, no later drop found — owner decides)","store_order_state_server_gate, trg_store_order_state_server_gate","statement classes outside the verifier ; function missing: store_order_state_server_gate ; trigger missing: trg_store_order_state_server_gate"
20260601133000,20260601133000_store_payment_methods_server_gate.sql,"NEVER-APPLIED (objects absent live, no later drop found — owner decides)","store_payment_methods|Store owners and admins can read store payment methods, store_payment_methods|Store payment methods inserts require trusted server-side validation","statement classes outside the verifier ; policy missing: store_payment_methods|Store owners and admins can read store payment methods ; policy missing: store_payment_methods|Store payment methods inserts require trusted server-side validation"
20260601134500,20260601134500_store_products_server_gate.sql,"NEVER-APPLIED (objects absent live, no later drop found — owner decides)","store_products|Store product inserts require trusted server-side validation, store_products|Store product updates require trusted server-side validation","statement classes outside the verifier ; policy missing: store_products|Store product inserts require trusted server-side validation ; policy missing: store_products|Store product updates require trusted server-side validation"
20260601140000,20260601140000_store_profiles_server_gate.sql,"NEVER-APPLIED (objects absent live, no later drop found — owner decides)","store_profiles|Store profile inserts require trusted server-side validation, store_profiles|Store profile updates require trusted server-side validation","statement classes outside the verifier ; policy missing: store_profiles|Store profile inserts require trusted server-side validation ; policy missing: store_profiles|Store profile updates require trusted server-side validation"
20260601141500,20260601141500_store_employees_server_gate.sql,"NEVER-APPLIED (objects absent live, no later drop found — owner decides)","store_employees|Store employees inserts require trusted server-side validation, store_employees|Store employees updates require trusted server-side validation","statement classes outside the verifier ; policy missing: store_employees|Store employees inserts require trusted server-side validation ; policy missing: store_employees|Store employees updates require trusted server-side validation"
20260601143000,20260601143000_employee_shifts_server_gate.sql,"NEVER-APPLIED (objects absent live, no later drop found — owner decides)","employee_shifts|Employee shifts inserts require trusted server-side validation, employee_shifts|Employee shifts updates require trusted server-side validation","statement classes outside the verifier ; policy missing: employee_shifts|Employee shifts inserts require trusted server-side validation ; policy missing: employee_shifts|Employee shifts updates require trusted server-side validation"
20260601144500,20260601144500_employee_rules_server_gate.sql,"NEVER-APPLIED (objects absent live, no later drop found — owner decides)","employee_rules|Employee rules inserts require trusted server-side validation, employee_rules|Employee rules updates require trusted server-side validation","statement classes outside the verifier ; policy missing: employee_rules|Employee rules inserts require trusted server-side validation ; policy missing: employee_rules|Employee rules updates require trusted server-side validation"
20260601150000,20260601150000_store_payment_settings_server_gate.sql,"NEVER-APPLIED (objects absent live, no later drop found — owner decides)","store_payment_settings|Store payment settings inserts require trusted server-side validation, store_payment_settings|Store payment settings updates require trusted server-side validation, store_payment_settings|Store payment settings deletes require trusted server-side validation","policy missing: store_payment_settings|Store payment settings inserts require trusted server-side validation ; policy missing: store_payment_settings|Store payment settings updates require trusted server-side validation ; policy missing: store_payment_settings|Store payment settings deletes require trusted server-side validation"
20260601151500,20260601151500_promotions_server_gate.sql,"NEVER-APPLIED (objects absent live, no later drop found — owner decides)","promotions|Promotions inserts require trusted server-side validation, promotions|Promotions updates require trusted server-side validation, promotions|Promotions deletes require trusted server-side validation","policy missing: promotions|Promotions inserts require trusted server-side validation ; policy missing: promotions|Promotions updates require trusted server-side validation ; policy missing: promotions|Promotions deletes require trusted server-side validation"
20260601153000,20260601153000_cafe_promotions_server_gate.sql,"NEVER-APPLIED (objects absent live, no later drop found — owner decides)","cafe_promotions|Cafe promotion inserts require trusted server-side validation, cafe_promotions|Cafe promotion updates require trusted server-side validation, cafe_promotions|Cafe promotion deletes require trusted server-side validation","policy missing: cafe_promotions|Cafe promotion inserts require trusted server-side validation ; policy missing: cafe_promotions|Cafe promotion updates require trusted server-side validation ; policy missing: cafe_promotions|Cafe promotion deletes require trusted server-side validation"
20260601154500,20260601154500_car_rental_promotions_server_gate.sql,"NEVER-APPLIED (objects absent live, no later drop found — owner decides)","car_rental_promotions|Car rental promotion inserts require trusted server-side validation, car_rental_promotions|Car rental promotion updates require trusted server-side validation, car_rental_promotions|Car rental promotion deletes require trusted server-side validation","policy missing: car_rental_promotions|Car rental promotion inserts require trusted server-side validation ; policy missing: car_rental_promotions|Car rental promotion updates require trusted server-side validation ; policy missing: car_rental_promotions|Car rental promotion deletes require trusted server-side validation"
20260601154600,20260601154600_payment_provider_webhook_event_logs.sql,"NEVER-APPLIED (objects absent live, no later drop found — owner decides)","eats_paypal_webhook_events|Admins view Eats PayPal webhook events, eats_square_webhook_events|Admins view Eats Square webhook events, tip_paypal_webhook_events|Admins view tip PayPal webhook events","policy missing: eats_paypal_webhook_events|Admins view Eats PayPal webhook events ; policy missing: eats_square_webhook_events|Admins view Eats Square webhook events ; policy missing: tip_paypal_webhook_events|Admins view tip PayPal webhook events"
20260601154700,20260601154700_data_api_grants_referrals_and_webhook_events.sql,"GRANT-DIFFERS (live grants differ from file)","","grant state does not match file (live differs)"
20260601160000,20260601160000_car_dealership_promotions_server_gate.sql,"NEVER-APPLIED (objects absent live, no later drop found — owner decides)","car_dealership_promotions|Car dealership promotion inserts require trusted server-side validation, car_dealership_promotions|Car dealership promotion updates require trusted server-side validation, car_dealership_promotions|Car dealership promotion deletes require trusted server-side validation","policy missing: car_dealership_promotions|Car dealership promotion inserts require trusted server-side validation ; policy missing: car_dealership_promotions|Car dealership promotion updates require trusted server-side validation ; policy missing: car_dealership_promotions|Car dealership promotion deletes require trusted server-side validation"
20260601161500,20260601161500_store_promotions_server_gate.sql,"NEVER-APPLIED (objects absent live, no later drop found — owner decides)","store_promotions|Store promotions owner/admin read, store_promotions|Store promotion inserts require trusted server-side validation, store_promotions|Store promotion updates require trusted server-side validation","policy missing: store_promotions|Store promotions owner/admin read ; policy missing: store_promotions|Store promotion inserts require trusted server-side validation ; policy missing: store_promotions|Store promotion updates require trusted server-side validation"
20260601163000,20260601163000_car_rental_reviews_server_gate.sql,"NEVER-APPLIED (objects absent live, no later drop found — owner decides)","car_rental_reviews|Car rental review inserts require trusted server-side validation, car_rental_reviews|Car rental review updates require trusted server-side validation, car_rental_reviews|Car rental review deletes require trusted server-side validation","policy missing: car_rental_reviews|Car rental review inserts require trusted server-side validation ; policy missing: car_rental_reviews|Car rental review updates require trusted server-side validation ; policy missing: car_rental_reviews|Car rental review deletes require trusted server-side validation"
20260601170000,20260601170000_lodging_reviews_server_gate.sql,"NEVER-APPLIED (objects absent live, no later drop found — owner decides)","lodging_reviews|Lodging review inserts require trusted server-side validation, lodging_reviews|Lodging review updates require trusted server-side validation, lodging_reviews|Lodging review deletes require trusted server-side validation","policy missing: lodging_reviews|Lodging review inserts require trusted server-side validation ; policy missing: lodging_reviews|Lodging review updates require trusted server-side validation ; policy missing: lodging_reviews|Lodging review deletes require trusted server-side validation"
20260601171500,20260601171500_cafe_reviews_server_gate.sql,"NEVER-APPLIED (objects absent live, no later drop found — owner decides)","cafe_reviews|Cafe review inserts require trusted server-side validation, cafe_reviews|Cafe review updates require trusted server-side validation, cafe_reviews|Cafe review deletes require trusted server-side validation","policy missing: cafe_reviews|Cafe review inserts require trusted server-side validation ; policy missing: cafe_reviews|Cafe review updates require trusted server-side validation ; policy missing: cafe_reviews|Cafe review deletes require trusted server-side validation"
20260601173000,20260601173000_salon_reviews_server_gate.sql,"NEVER-APPLIED (objects absent live, no later drop found — owner decides)","salon_reviews|Salon review inserts require trusted server-side validation, salon_reviews|Salon review updates require trusted server-side validation, salon_reviews|Salon review deletes require trusted server-side validation","policy missing: salon_reviews|Salon review inserts require trusted server-side validation ; policy missing: salon_reviews|Salon review updates require trusted server-side validation ; policy missing: salon_reviews|Salon review deletes require trusted server-side validation"
20260601174500,20260601174500_marketplace_reviews_server_gate.sql,"NEVER-APPLIED (objects absent live, no later drop found — owner decides)","marketplace_reviews|Marketplace review inserts require trusted server-side validation, marketplace_reviews|Marketplace review updates require trusted server-side validation, marketplace_reviews|Marketplace review deletes require trusted server-side validation","policy missing: marketplace_reviews|Marketplace review inserts require trusted server-side validation ; policy missing: marketplace_reviews|Marketplace review updates require trusted server-side validation ; policy missing: marketplace_reviews|Marketplace review deletes require trusted server-side validation"
20260601180000,20260601180000_reviews_server_gate.sql,"NEVER-APPLIED (objects absent live, no later drop found — owner decides)","reviews|Generic review inserts require trusted server-side validation, reviews|Generic review updates require trusted server-side validation, reviews|Generic review deletes require trusted server-side validation","policy missing: reviews|Generic review inserts require trusted server-side validation ; policy missing: reviews|Generic review updates require trusted server-side validation ; policy missing: reviews|Generic review deletes require trusted server-side validation"
20260601181500,20260601181500_car_rental_expenses_server_gate.sql,"NEVER-APPLIED (objects absent live, no later drop found — owner decides)","car_rental_expenses|Car rental expense inserts require trusted server-side validation, car_rental_expenses|Car rental expense updates require trusted server-side validation, car_rental_expenses|Car rental expense deletes require trusted server-side validation","policy missing: car_rental_expenses|Car rental expense inserts require trusted server-side validation ; policy missing: car_rental_expenses|Car rental expense updates require trusted server-side validation ; policy missing: car_rental_expenses|Car rental expense deletes require trusted server-side validation"
20260601183000,20260601183000_car_rental_maintenance_server_gate.sql,"NEVER-APPLIED (objects absent live, no later drop found — owner decides)","car_rental_maintenance|Car rental maintenance inserts require trusted server-side validation, car_rental_maintenance|Car rental maintenance updates require trusted server-side validation, car_rental_maintenance|Car rental maintenance deletes require trusted server-side validation","policy missing: car_rental_maintenance|Car rental maintenance inserts require trusted server-side validation ; policy missing: car_rental_maintenance|Car rental maintenance updates require trusted server-side validation ; policy missing: car_rental_maintenance|Car rental maintenance deletes require trusted server-side validation"
20260601184500,20260601184500_car_rental_vehicles_server_gate.sql,"NEVER-APPLIED (objects absent live, no later drop found — owner decides)","car_rental_vehicles|Car rental vehicle inserts require trusted server-side validation, car_rental_vehicles|Car rental vehicle updates require trusted server-side validation, car_rental_vehicles|Car rental vehicle deletes require trusted server-side validation","policy missing: car_rental_vehicles|Car rental vehicle inserts require trusted server-side validation ; policy missing: car_rental_vehicles|Car rental vehicle updates require trusted server-side validation ; policy missing: car_rental_vehicles|Car rental vehicle deletes require trusted server-side validation"
20260601190000,20260601190000_car_rental_addons_server_gate.sql,"NEVER-APPLIED (objects absent live, no later drop found — owner decides)","car_rental_addons|Car rental add-on inserts require trusted server-side validation, car_rental_addons|Car rental add-on updates require trusted server-side validation, car_rental_addons|Car rental add-on deletes require trusted server-side validation","policy missing: car_rental_addons|Car rental add-on inserts require trusted server-side validation ; policy missing: car_rental_addons|Car rental add-on updates require trusted server-side validation ; policy missing: car_rental_addons|Car rental add-on deletes require trusted server-side validation"
20260601191000,20260601191000_ar_customer_vehicle_specs.sql,"NEVER-APPLIED (objects absent live, no later drop found — owner decides)","idx_ar_cust_vehicles_vin (on ar_customer_vehicles), idx_ar_cust_vehicles_plate (on ar_customer_vehicles), ar_customer_vehicles|trim","index missing: idx_ar_cust_vehicles_vin (on ar_customer_vehicles) ; index missing: idx_ar_cust_vehicles_plate (on ar_customer_vehicles) ; column missing: ar_customer_vehicles|trim"
20260601191500,20260601191500_car_rental_locations_server_gate.sql,"NEVER-APPLIED (objects absent live, no later drop found — owner decides)","car_rental_locations|Car rental location inserts require trusted server-side validation, car_rental_locations|Car rental location updates require trusted server-side validation, car_rental_locations|Car rental location deletes require trusted server-side validation","policy missing: car_rental_locations|Car rental location inserts require trusted server-side validation ; policy missing: car_rental_locations|Car rental location updates require trusted server-side validation ; policy missing: car_rental_locations|Car rental location deletes require trusted server-side validation"
20260601192000,20260601192000_ar_labor_entry_vehicle_snapshot.sql,"NEVER-APPLIED (objects absent live, no later drop found — owner decides)","idx_ar_labor_entries_vehicle_vin (on ar_labor_entries), idx_ar_labor_entries_vehicle_plate (on ar_labor_entries), ar_labor_entries|vehicle_label","index missing: idx_ar_labor_entries_vehicle_vin (on ar_labor_entries) ; index missing: idx_ar_labor_entries_vehicle_plate (on ar_labor_entries) ; column missing: ar_labor_entries|vehicle_label"
20260601194500,20260601194500_bus_booking_schema.sql,"NEVER-APPLIED (objects absent live, no later drop found — owner decides)","car_rental_reservations|Car rental reservation inserts require trusted server-side validation, car_rental_reservations|Car rental reservation updates require trusted server-side validation, car_rental_reservations|Car rental reservation deletes require trusted server-side validation","policy missing: car_rental_reservations|Car rental reservation inserts require trusted server-side validation ; policy missing: car_rental_reservations|Car rental reservation updates require trusted server-side validation ; policy missing: car_rental_reservations|Car rental reservation deletes require trusted server-side validation"
20260601194500,20260601194500_car_rental_reservations_server_gate.sql,"NEVER-APPLIED (objects absent live, no later drop found — owner decides)","car_rental_reservations|Car rental reservation inserts require trusted server-side validation, car_rental_reservations|Car rental reservation updates require trusted server-side validation, car_rental_reservations|Car rental reservation deletes require trusted server-side validation","policy missing: car_rental_reservations|Car rental reservation inserts require trusted server-side validation ; policy missing: car_rental_reservations|Car rental reservation updates require trusted server-side validation ; policy missing: car_rental_reservations|Car rental reservation deletes require trusted server-side validation"
20260601200000,20260601200000_car_rental_blackouts_server_gate.sql,"NEVER-APPLIED (objects absent live, no later drop found — owner decides)","car_rental_vehicle_blackouts|Car rental blackout inserts require trusted server-side validation, car_rental_vehicle_blackouts|Car rental blackout updates require trusted server-side validation, car_rental_vehicle_blackouts|Car rental blackout deletes require trusted server-side validation","policy missing: car_rental_vehicle_blackouts|Car rental blackout inserts require trusted server-side validation ; policy missing: car_rental_vehicle_blackouts|Car rental blackout updates require trusted server-side validation ; policy missing: car_rental_vehicle_blackouts|Car rental blackout deletes require trusted server-side validation"
20260601203000,20260601203000_car_rental_booking_extras_server_gate.sql,"NEVER-APPLIED (objects absent live, no later drop found — owner decides)","car_rental_reservation_addons|Owners and admins can read reservation addons, car_rental_promo_redemptions|Owners and admins can read promo redemptions, car_rental_reservation_addons|Car rental reservation add-on inserts require trusted server-side validation","policy missing: car_rental_reservation_addons|Owners and admins can read reservation addons ; policy missing: car_rental_promo_redemptions|Owners and admins can read promo redemptions ; policy missing: car_rental_reservation_addons|Car rental reservation add-on inserts require trusted server-side validation"
20260601204500,20260601204500_car_dealership_trade_ins_server_gate.sql,"NEVER-APPLIED (objects absent live, no later drop found — owner decides)","car_dealership_trade_ins|Car dealership trade-in inserts require trusted server-side validation, car_dealership_trade_ins|Car dealership trade-in updates require trusted server-side validation, car_dealership_trade_ins|Car dealership trade-in deletes require trusted server-side validation","policy missing: car_dealership_trade_ins|Car dealership trade-in inserts require trusted server-side validation ; policy missing: car_dealership_trade_ins|Car dealership trade-in updates require trusted server-side validation ; policy missing: car_dealership_trade_ins|Car dealership trade-in deletes require trusted server-side validation"
20260601210000,20260601210000_bus_my_bookings_rpc.sql,"NEVER-APPLIED (objects absent live, no later drop found — owner decides)","car_dealership_expenses|Car dealership expense inserts require trusted server-side validation, car_dealership_expenses|Car dealership expense updates require trusted server-side validation, car_dealership_expenses|Car dealership expense deletes require trusted server-side validation","policy missing: car_dealership_expenses|Car dealership expense inserts require trusted server-side validation ; policy missing: car_dealership_expenses|Car dealership expense updates require trusted server-side validation ; policy missing: car_dealership_expenses|Car dealership expense deletes require trusted server-side validation"
20260601210000,20260601210000_car_dealership_expenses_server_gate.sql,"NEVER-APPLIED (objects absent live, no later drop found — owner decides)","car_dealership_expenses|Car dealership expense inserts require trusted server-side validation, car_dealership_expenses|Car dealership expense updates require trusted server-side validation, car_dealership_expenses|Car dealership expense deletes require trusted server-side validation","policy missing: car_dealership_expenses|Car dealership expense inserts require trusted server-side validation ; policy missing: car_dealership_expenses|Car dealership expense updates require trusted server-side validation ; policy missing: car_dealership_expenses|Car dealership expense deletes require trusted server-side validation"
20260601211500,20260601211500_car_dealership_financing_server_gate.sql,"VERIFIER-LIMIT (unrecognized statements; manual review)","","dropped policy still live: bus_routes|bus_routes_select ; dropped policy still live: bus_routes|bus_routes_manage ; dropped policy still live: bus_trips|bus_trips_select"
20260601211500,20260601211500_fix_bus_rls_store_owner.sql,"VERIFIER-LIMIT (unrecognized statements; manual review)","","dropped policy still live: bus_routes|bus_routes_select ; dropped policy still live: bus_routes|bus_routes_manage ; dropped policy still live: bus_trips|bus_trips_select"
20260601213000,20260601213000_car_dealership_lead_activities_server_gate.sql,"NEVER-APPLIED (objects absent live, no later drop found — owner decides)","car_dealership_lead_activities|Car dealership lead activity inserts require trusted server-side validation, car_dealership_lead_activities|Car dealership lead activity updates require trusted server-side validation","unrecognized ALTER TABLE actions ; policy missing: car_dealership_lead_activities|Car dealership lead activity inserts require trusted server-side validation ; policy missing: car_dealership_lead_activities|Car dealership lead activity updates require trusted server-side validation"
20260601214500,20260601214500_store_documents_server_gate.sql,"NEVER-APPLIED (objects absent live, no later drop found — owner decides)","store_documents|Store document inserts require trusted server-side validation, store_documents|Store document updates require trusted server-side validation, store_documents|Store document deletes require trusted server-side validation","policy missing: store_documents|Store document inserts require trusted server-side validation ; policy missing: store_documents|Store document updates require trusted server-side validation ; policy missing: store_documents|Store document deletes require trusted server-side validation"
20260601220000,20260601220000_store_training_programs_server_gate.sql,"NEVER-APPLIED (objects absent live, no later drop found — owner decides)","store_training_programs|Store training program inserts require trusted server-side validation, store_training_programs|Store training program updates require trusted server-side validation, store_training_programs|Store training program deletes require trusted server-side validation","policy missing: store_training_programs|Store training program inserts require trusted server-side validation ; policy missing: store_training_programs|Store training program updates require trusted server-side validation ; policy missing: store_training_programs|Store training program deletes require trusted server-side validation"
20260601221500,20260601221500_store_training_assignments_server_gate.sql,"NEVER-APPLIED (objects absent live, no later drop found — owner decides)","store_training_assignments|Store training assignment inserts require trusted server-side validation, store_training_assignments|Store training assignment updates require trusted server-side validation, store_training_assignments|Store training assignment deletes require trusted server-side validation","policy missing: store_training_assignments|Store training assignment inserts require trusted server-side validation ; policy missing: store_training_assignments|Store training assignment updates require trusted server-side validation ; policy missing: store_training_assignments|Store training assignment deletes require trusted server-side validation"
20260601223000,20260601223000_store_payroll_configs_server_gate.sql,"NEVER-APPLIED (objects absent live, no later drop found — owner decides)","store_payroll_configs|Store payroll config inserts require trusted server-side validation, store_payroll_configs|Store payroll config updates require trusted server-side validation","policy missing: store_payroll_configs|Store payroll config inserts require trusted server-side validation ; policy missing: store_payroll_configs|Store payroll config updates require trusted server-side validation"
20260601224500,20260601224500_service_bookings_public_submit_gate.sql,"NEVER-APPLIED (objects absent live, no later drop found — owner decides)","service_bookings|Service booking public inserts require trusted server-side validation, service_bookings|Store owners can create service bookings","policy missing: service_bookings|Service booking public inserts require trusted server-side validation ; policy missing: service_bookings|Store owners can create service bookings ; dropped policy still live: service_bookings|service_bookings_public_insert"
20260601230000,20260601230000_service_bookings_owner_manage_gate.sql,"NEVER-APPLIED (objects absent live, no later drop found — owner decides)","service_bookings|Service booking owner inserts require trusted server-side validation, service_bookings|Service booking owner updates require trusted server-side validation, service_bookings|Service booking owner deletes require trusted server-side validation","policy missing: service_bookings|Service booking owner inserts require trusted server-side validation ; policy missing: service_bookings|Service booking owner updates require trusted server-side validation ; policy missing: service_bookings|Service booking owner deletes require trusted server-side validation"
20260601231500,20260601231500_salon_bookings_public_submit_gate.sql,"NEVER-APPLIED (objects absent live, no later drop found — owner decides)","salon_bookings|Salon booking public inserts require trusted server-side validation","policy missing: salon_bookings|Salon booking public inserts require trusted server-side validation"
20260601233000,20260601233000_support_tickets_customer_manage_gate.sql,"NEVER-APPLIED (objects absent live, no later drop found — owner decides)","support_tickets|Users view own tickets","statement classes outside the verifier ; policy missing: support_tickets|Users view own tickets"
20260601234500,20260601234500_shop_ops_records_manage_gate.sql,"NEVER-APPLIED (objects absent live, no later drop found — owner decides)","feedback_submissions|feedback_submissions_block_shop_ops_delete_direct","statement classes outside the verifier ; policy missing: feedback_submissions|feedback_submissions_block_shop_ops_delete_direct"
20260601240000,20260601240000_store_employee_rules_server_gate.sql,"NEVER-APPLIED (objects absent live, no later drop found — owner decides)","store_employee_rules|Store employee rules inserts require trusted server-side validation, store_employee_rules|Store employee rules updates require trusted server-side validation","statement classes outside the verifier ; policy missing: store_employee_rules|Store employee rules inserts require trusted server-side validation ; policy missing: store_employee_rules|Store employee rules updates require trusted server-side validation"
20260601241500,20260601241500_salon_gift_cards_server_gate.sql,"NEVER-APPLIED (objects absent live, no later drop found — owner decides)","salon_gift_cards|Owners read gift cards, salon_gift_card_redemptions|Owners read gift card redemptions, salon_gift_cards|Salon gift card inserts require trusted server-side validation","policy missing: salon_gift_cards|Owners read gift cards ; policy missing: salon_gift_card_redemptions|Owners read gift card redemptions ; policy missing: salon_gift_cards|Salon gift card inserts require trusted server-side validation"
20260601243000,20260601243000_salon_blockouts_server_gate.sql,"NEVER-APPLIED (objects absent live, no later drop found — owner decides)","salon_blockouts|Owners read blockouts, salon_blockouts|Salon blockout inserts require trusted server-side validation, salon_blockouts|Salon blockout updates require trusted server-side validation","policy missing: salon_blockouts|Owners read blockouts ; policy missing: salon_blockouts|Salon blockout inserts require trusted server-side validation ; policy missing: salon_blockouts|Salon blockout updates require trusted server-side validation"
20260601244500,20260601244500_salon_waitlist_server_gate.sql,"NEVER-APPLIED (objects absent live, no later drop found — owner decides)","salon_waitlist|Owners read waitlist, salon_waitlist|Salon waitlist inserts require trusted server-side validation, salon_waitlist|Salon waitlist updates require trusted server-side validation","policy missing: salon_waitlist|Owners read waitlist ; policy missing: salon_waitlist|Salon waitlist inserts require trusted server-side validation ; policy missing: salon_waitlist|Salon waitlist updates require trusted server-side validation"
20260601250000,20260601250000_salon_retail_products_server_gate.sql,"NEVER-APPLIED (objects absent live, no later drop found — owner decides)","salon_retail_products|Owners read retail products, salon_retail_products|Salon retail product inserts require trusted server-side validation, salon_retail_products|Salon retail product updates require trusted server-side validation","policy missing: salon_retail_products|Owners read retail products ; policy missing: salon_retail_products|Salon retail product inserts require trusted server-side validation ; policy missing: salon_retail_products|Salon retail product updates require trusted server-side validation"
20260601251500,20260601251500_salon_loyalty_server_gate.sql,"NEVER-APPLIED (objects absent live, no later drop found — owner decides)","salon_loyalty_settings|Owners read loyalty settings, salon_loyalty_events|Owners read loyalty events, salon_loyalty_settings|Salon loyalty settings inserts require trusted server-side validation","policy missing: salon_loyalty_settings|Owners read loyalty settings ; policy missing: salon_loyalty_events|Owners read loyalty events ; policy missing: salon_loyalty_settings|Salon loyalty settings inserts require trusted server-side validation"
20260601253000,20260601253000_salon_packages_server_gate.sql,"NEVER-APPLIED (objects absent live, no later drop found — owner decides)","salon_packages|Owners read packages, salon_package_services|Owners read package services, salon_packages|Salon package inserts require trusted server-side validation","policy missing: salon_packages|Owners read packages ; policy missing: salon_package_services|Owners read package services ; policy missing: salon_packages|Salon package inserts require trusted server-side validation"
20260601254500,20260601254500_salon_stylist_schedules_server_gate.sql,"NEVER-APPLIED (objects absent live, no later drop found — owner decides)","salon_stylist_schedules|Owners read stylist schedules, salon_stylist_schedules|Salon stylist schedule inserts require trusted server-side validation, salon_stylist_schedules|Salon stylist schedule updates require trusted server-side validation","policy missing: salon_stylist_schedules|Owners read stylist schedules ; policy missing: salon_stylist_schedules|Salon stylist schedule inserts require trusted server-side validation ; policy missing: salon_stylist_schedules|Salon stylist schedule updates require trusted server-side validation"
20260601260000,20260601260000_salon_expenses_server_gate.sql,"NEVER-APPLIED (objects absent live, no later drop found — owner decides)","salon_expenses|Owners read salon expenses, salon_expenses|Salon expense inserts require trusted server-side validation, salon_expenses|Salon expense updates require trusted server-side validation","policy missing: salon_expenses|Owners read salon expenses ; policy missing: salon_expenses|Salon expense inserts require trusted server-side validation ; policy missing: salon_expenses|Salon expense updates require trusted server-side validation"
20260601261500,20260601261500_salon_store_closures_server_gate.sql,"NEVER-APPLIED (objects absent live, no later drop found — owner decides)","salon_store_closures|Owners read store closures, salon_store_closures|Salon store closure inserts require trusted server-side validation, salon_store_closures|Salon store closure updates require trusted server-side validation","policy missing: salon_store_closures|Owners read store closures ; policy missing: salon_store_closures|Salon store closure inserts require trusted server-side validation ; policy missing: salon_store_closures|Salon store closure updates require trusted server-side validation"
20260601263000,20260601263000_salon_booking_retail_items_server_gate.sql,"NEVER-APPLIED (objects absent live, no later drop found — owner decides)","salon_booking_retail_items|Owners read booking retail items, salon_booking_retail_items|Salon booking retail item inserts require trusted server-side validation, salon_booking_retail_items|Salon booking retail item updates require trusted server-side validation","policy missing: salon_booking_retail_items|Owners read booking retail items ; policy missing: salon_booking_retail_items|Salon booking retail item inserts require trusted server-side validation ; policy missing: salon_booking_retail_items|Salon booking retail item updates require trusted server-side validation"
20260601264500,20260601264500_salon_booking_addons_server_gate.sql,"NEVER-APPLIED (objects absent live, no later drop found — owner decides)","salon_booking_addons|Owners read booking addons, salon_booking_addons|Salon booking add-on inserts require trusted server-side validation, salon_booking_addons|Salon booking add-on updates require trusted server-side validation","policy missing: salon_booking_addons|Owners read booking addons ; policy missing: salon_booking_addons|Salon booking add-on inserts require trusted server-side validation ; policy missing: salon_booking_addons|Salon booking add-on updates require trusted server-side validation"
20260601270000,20260601270000_salon_membership_tiers_server_gate.sql,"NEVER-APPLIED (objects absent live, no later drop found — owner decides)","salon_membership_tiers|Owners read membership tiers, salon_membership_tiers|Salon membership tier inserts require trusted server-side validation, salon_membership_tiers|Salon membership tier updates require trusted server-side validation","policy missing: salon_membership_tiers|Owners read membership tiers ; policy missing: salon_membership_tiers|Salon membership tier inserts require trusted server-side validation ; policy missing: salon_membership_tiers|Salon membership tier updates require trusted server-side validation"
20260601271500,20260601271500_salon_reminder_settings_server_gate.sql,"NEVER-APPLIED (objects absent live, no later drop found — owner decides)","salon_reminder_settings|Owners read reminder settings, salon_reminder_settings|Salon reminder settings inserts require trusted server-side validation, salon_reminder_settings|Salon reminder settings updates require trusted server-side validation","policy missing: salon_reminder_settings|Owners read reminder settings ; policy missing: salon_reminder_settings|Salon reminder settings inserts require trusted server-side validation ; policy missing: salon_reminder_settings|Salon reminder settings updates require trusted server-side validation"
20260601273000,20260601273000_salon_notification_template_overrides_server_gate.sql,"NEVER-APPLIED (objects absent live, no later drop found — owner decides)","salon_notification_template_overrides|Owners read notification template overrides, salon_notification_template_overrides|Salon notification template override inserts require trusted server-side validation, salon_notification_template_overrides|Salon notification template override updates require trusted server-side validation","policy missing: salon_notification_template_overrides|Owners read notification template overrides ; policy missing: salon_notification_template_overrides|Salon notification template override inserts require trusted server-side validation ; policy missing: salon_notification_template_overrides|Salon notification template override updates require trusted server-side validation"
20260601273500,20260601273500_ar_customer_vehicle_plate_state.sql,"NEVER-APPLIED (objects absent live, no later drop found — owner decides)","idx_ar_cust_vehicles_plate_state (on ar_customer_vehicles)","index missing: idx_ar_cust_vehicles_plate_state (on ar_customer_vehicles)"
20260601274500,20260601274500_salon_services_server_gate.sql,"NEVER-APPLIED (objects absent live, no later drop found — owner decides)","salon_services|Salon service inserts require trusted server-side validation, salon_services|Salon service updates require trusted server-side validation, salon_services|Salon service deletes require trusted server-side validation","policy missing: salon_services|Salon service inserts require trusted server-side validation ; policy missing: salon_services|Salon service updates require trusted server-side validation ; policy missing: salon_services|Salon service deletes require trusted server-side validation"
20260601280000,20260601280000_salon_time_entries_server_gate.sql,"NEVER-APPLIED (objects absent live, no later drop found — owner decides)","salon_time_entries|Owners read time entries, salon_time_entries|Salon time entry inserts require trusted server-side validation, salon_time_entries|Salon time entry updates require trusted server-side validation","policy missing: salon_time_entries|Owners read time entries ; policy missing: salon_time_entries|Salon time entry inserts require trusted server-side validation ; policy missing: salon_time_entries|Salon time entry updates require trusted server-side validation"
20260601281500,20260601281500_salon_clients_server_gate.sql,"NEVER-APPLIED (objects absent live, no later drop found — owner decides)","salon_clients|Salon client inserts require trusted server-side validation, salon_clients|Salon client updates require trusted server-side validation, salon_clients|Salon client deletes require trusted server-side validation","policy missing: salon_clients|Salon client inserts require trusted server-side validation ; policy missing: salon_clients|Salon client updates require trusted server-side validation ; policy missing: salon_clients|Salon client deletes require trusted server-side validation"
20260601283000,20260601283000_salon_stylists_server_gate.sql,"NEVER-APPLIED (objects absent live, no later drop found — owner decides)","salon_stylists|Salon stylist inserts require trusted server-side validation, salon_stylists|Salon stylist updates require trusted server-side validation, salon_stylists|Salon stylist deletes require trusted server-side validation","policy missing: salon_stylists|Salon stylist inserts require trusted server-side validation ; policy missing: salon_stylists|Salon stylist updates require trusted server-side validation ; policy missing: salon_stylists|Salon stylist deletes require trusted server-side validation"
20260601284500,20260601284500_salon_bookings_owner_server_gate.sql,"NEVER-APPLIED (objects absent live, no later drop found — owner decides)","salon_bookings|Salon booking owner inserts require trusted server-side validation, salon_bookings|Salon booking owner updates require trusted server-side validation, salon_bookings|Salon booking owner deletes require trusted server-side validation","policy missing: salon_bookings|Salon booking owner inserts require trusted server-side validation ; policy missing: salon_bookings|Salon booking owner updates require trusted server-side validation ; policy missing: salon_bookings|Salon booking owner deletes require trusted server-side validation"
20260602000000,20260602000000_salon_memberships.sql,"NEVER-APPLIED (objects absent live, no later drop found — owner decides)","salon_membership_tiers|Public can view active tiers, salon_membership_tiers|Owners manage tiers - all, salon_client_memberships|Owners manage memberships - all","policy missing: salon_membership_tiers|Public can view active tiers ; policy missing: salon_membership_tiers|Owners manage tiers - all ; policy missing: salon_client_memberships|Owners manage memberships - all"
20260602030500,20260602030500_add_channel_restrict_saving_content.sql,"VERIFIER-LIMIT (unrecognized statements; manual review)","","statement classes outside the verifier"
20260602031000,20260602031000_add_channel_reaction_policy.sql,"NEVER-APPLIED (objects absent live, no later drop found — owner decides)","public","statement classes outside the verifier ; type missing: public"
20260602031500,20260602031500_add_channel_wallpaper_style.sql,"NEVER-APPLIED (objects absent live, no later drop found — owner decides)","public","statement classes outside the verifier ; type missing: public"
20260602032000,20260602032000_add_channel_topics_and_member_visibility.sql,"VERIFIER-LIMIT (unrecognized statements; manual review)","","statement classes outside the verifier"
20260602032500,20260602032500_add_channel_slow_mode.sql,"VERIFIER-LIMIT (unrecognized statements; manual review)","","statement classes outside the verifier ; unrecognized ALTER TABLE actions"
20260602033000,20260602033000_add_channel_join_approval.sql,"VERIFIER-LIMIT (unrecognized statements; manual review)","","statement classes outside the verifier"
20260602034500,20260602034500_add_channel_add_member_rpc.sql,"DATA-EFFECTS (owner decides apply vs archive)","","data effects (INSERT/UPDATE/DELETE)"
20260602035500,20260602035500_add_channel_redeem_invite.sql,"DATA-EFFECTS (owner decides apply vs archive)","","data effects (INSERT/UPDATE/DELETE)"
20260603000000,20260603000000_salon_low_stock_alerts.sql,"NEVER-APPLIED (objects absent live, no later drop found — owner decides)","salon_get_low_stock_for_store, salon_retail_products|last_low_stock_alert_at","statement classes outside the verifier ; function missing: salon_get_low_stock_for_store ; column missing: salon_retail_products|last_low_stock_alert_at"
20260604000000,20260604000000_salon_public_walkin.sql,"DATA-EFFECTS (owner decides apply vs archive)","","data effects (INSERT/UPDATE/DELETE) ; function missing: salon_public_create_walkin ; function missing: salon_public_get_walkin_status"
20260604143000,20260604143000_bus_search_logo_url.sql,"VERIFIER-LIMIT (unrecognized statements; manual review)","","dropped function still live: search_bus_trips"
20260604154500,20260604154500_bus_operator_tables_and_popular_routes.sql,"DATA-EFFECTS (owner decides apply vs archive)","","data effects (INSERT/UPDATE/DELETE) ; policy missing: bus_vehicles|bus_vehicles_owner_manage ; policy missing: bus_drivers|bus_drivers_owner_manage"
20260604162000,20260604162000_real_trending_rpcs.sql,"NEVER-APPLIED (objects absent live, no later drop found — owner decides)","get_trending_posts, get_trending_hashtags, get_trending_people","function missing: get_trending_posts ; function missing: get_trending_hashtags ; function missing: get_trending_people"
20260604223000,20260604223000_store_post_distribution_jobs.sql,"NEVER-APPLIED (objects absent live, no later drop found — owner decides)","idx_store_post_distribution_jobs_post (on store_post_distribution_jobs)","index missing: idx_store_post_distribution_jobs_post (on store_post_distribution_jobs)"
20260604232911,20260604232911_zivo_plus_plan_code_and_public_plans.sql,"VERIFIER-LIMIT (unrecognized statements; manual review)","","unrecognized ALTER TABLE actions"
20260605000000,20260605000000_salon_review_request.sql,"NEVER-APPLIED (objects absent live, no later drop found — owner decides)","salon_reminder_settings|review_request_enabled, salon_reminder_settings|salon_reminder_settings_review_hours_chk","unrecognized ALTER TABLE actions ; column missing: salon_reminder_settings|review_request_enabled ; constraint missing: salon_reminder_settings|salon_reminder_settings_review_hours_chk"
20260605064721,20260605064721_zivo_software_domain_support_tables.sql,"DATA-EFFECTS (owner decides apply vs archive)","","data effects (INSERT/UPDATE/DELETE) ; policy missing: app_settings|Public can read app_settings ; policy missing: pricing_config|Public can read pricing_config"
20260605064942,20260605064942_optimize_software_projects_rls.sql,"NEVER-APPLIED (objects absent live, no later drop found — owner decides)","projects|Owners can read their projects, projects|Owners can insert their projects, projects|Owners can update their projects","policy missing: projects|Owners can read their projects ; policy missing: projects|Owners can insert their projects ; policy missing: projects|Owners can update their projects"
20260605161535,20260605161535_software_profile_rpc.sql,"DATA-EFFECTS (owner decides apply vs archive)","","data effects (INSERT/UPDATE/DELETE)"
20260605202600,20260605202600_zivo_travel_backend_foundation.sql,"DATA-EFFECTS (owner decides apply vs archive)","","data effects (INSERT/UPDATE/DELETE) ; policy missing: zivo_travel_backend_links|zivo_travel_backend_links_public_read ; policy missing: zivo_travel_service_catalog|zivo_travel_service_catalog_public_read"
20260605221600,20260605221600_software_auto_repair_core_schema.sql,"NEVER-APPLIED (objects absent live, no later drop found — owner decides)","public|Software store owners manage %1$s, idx_store_posts_store (on store_posts)","unrecognized ALTER TABLE actions ; policy missing: public|Software store owners manage %1$s ; index missing: idx_store_posts_store (on store_posts)"
20260605223000,20260605223000_software_auto_repair_extended_schema.sql,"NEVER-APPLIED (objects absent live, no later drop found — owner decides)","public|Software store owners manage %1$s, ar_expense_items|Software store owners manage ar_expense_items, idx_ar_inspections_store (on ar_inspections)","policy missing: public|Software store owners manage %1$s ; policy missing: ar_expense_items|Software store owners manage ar_expense_items ; index missing: idx_ar_inspections_store (on ar_inspections)"
20260605224500,20260605224500_software_auto_repair_storage_and_posts.sql,"DATA-EFFECTS (owner decides apply vs archive)","","data effects (INSERT/UPDATE/DELETE) ; policy missing: store_post_comments|Software store owners manage store_post_comments ; policy missing: storage|Software owners read auto repair storage"
20260605225500,20260605225500_software_auto_repair_frontend_compat_columns.sql,"NEVER-APPLIED (objects absent live, no later drop found — owner decides)","idx_store_posts_scheduled (on store_posts), idx_ar_job_photos_work_order (on ar_job_photos), idx_ar_parts_sku (on ar_parts)","index missing: idx_store_posts_scheduled (on store_posts) ; index missing: idx_ar_job_photos_work_order (on ar_job_photos) ; index missing: idx_ar_parts_sku (on ar_parts)"
20260605230529,20260605230529_software_auto_repair_deep_tab_compat_columns.sql,"NEVER-APPLIED (objects absent live, no later drop found — owner decides)","set_ar_expense_item_store_id, idx_ar_inspections_share_token_unique (on ar_inspections)","unrecognized ALTER TABLE actions ; function missing: set_ar_expense_item_store_id ; index missing: idx_ar_inspections_share_token_unique (on ar_inspections)"
20260605231411,20260605231411_software_auto_repair_expense_item_trigger_amount_fix.sql,"NEVER-APPLIED (objects absent live, no later drop found — owner decides)","set_ar_expense_item_store_id","function missing: set_ar_expense_item_store_id"
20260606000000,20260606000000_direct_paid_media_bundles.sql,"NEVER-APPLIED (objects absent live, no later drop found — owner decides)","storage|chat_media_select_owner_or_recipient","policy missing: storage|chat_media_select_owner_or_recipient"
20260606193000,20260606193000_expose_admin_customer_search_in_api_schema.sql,"NEVER-APPLIED (objects absent live, no later drop found — owner decides)","api","statement classes outside the verifier ; function missing: api"
20260607000000,20260607000000_profile_metadata_completion.sql,"NEVER-APPLIED (objects absent live, no later drop found — owner decides)","calculate_profile_completion_score, sync_profile_completion_metadata","unrecognized ALTER TABLE actions ; function missing: calculate_profile_completion_score ; function missing: sync_profile_completion_metadata"
20260607161643,20260607161643_zivosmedia_auth_foundation.sql,"DATA-EFFECTS (owner decides apply vs archive)","","data effects (INSERT/UPDATE/DELETE)"
20260607163048,20260607163048_zivosmedia_payments_foundation.sql,"NEVER-APPLIED (objects absent live, no later drop found — owner decides)","payment_customers|payment customers are visible to owner, business_billing_profiles|business billing profiles are visible to owner","statement classes outside the verifier ; policy missing: payment_customers|payment customers are visible to owner ; policy missing: business_billing_profiles|business billing profiles are visible to owner"
20260607164628,20260607164628_zivosoftware_billing_catalog.sql,"DATA-EFFECTS (owner decides apply vs archive)","","data effects (INSERT/UPDATE/DELETE) ; policy missing: software_products|active software products are public ; policy missing: software_pricing_plans|active software plans are public"
20260607165728,20260607165728_zivochat_payment_support.sql,"NEVER-APPLIED (objects absent live, no later drop found — owner decides)","idx_payment_support_threads_status (on payment_support_threads), idx_payment_support_threads_payment (on payment_support_threads)","statement classes outside the verifier ; index missing: idx_payment_support_threads_status (on payment_support_threads) ; index missing: idx_payment_support_threads_payment (on payment_support_threads)"
20260608000000,20260608000000_account_hub_activity.sql,"NEVER-APPLIED (objects absent live, no later drop found — owner decides)","account_hub_activity|Users can read their account hub activity, account_hub_activity|Users can insert their account hub activity, account_hub_activity","policy missing: account_hub_activity|Users can read their account hub activity ; policy missing: account_hub_activity|Users can insert their account hub activity ; table missing: account_hub_activity"
20260609000100,20260609000100_add_increment_user_post_view_count_rpc.sql,"DATA-EFFECTS (owner decides apply vs archive)","","data effects (INSERT/UPDATE/DELETE)"
20260611000000,20260611000000_add_channel_subscriber_permissions.sql,"VERIFIER-LIMIT (unrecognized statements; manual review)","","statement classes outside the verifier"
20260611000500,20260611000500_add_channel_permission_exceptions.sql,"NEVER-APPLIED (objects absent live, no later drop found — owner decides)","channel_permission_exceptions|channel_permission_exceptions_managers_select","statement classes outside the verifier ; policy missing: channel_permission_exceptions|channel_permission_exceptions_managers_select ; dropped policy still live: channel_permission_exceptions|channel_permission_exceptions_managers_write"
20260612000000,20260612000000_add_store_default_language.sql,"VERIFIER-LIMIT (unrecognized statements; manual review)","","statement classes outside the verifier"
20260615000000,20260615000000_ar_customer_vehicles_engine_transmission.sql,"VERIFIER-LIMIT (unrecognized statements; manual review)","","statement classes outside the verifier"
20260615000100,20260615000100_ar_customer_vehicles_drive_type.sql,"VERIFIER-LIMIT (unrecognized statements; manual review)","","statement classes outside the verifier"
20260615000700,20260615000700_ar_ro_documents.sql,"DATA-EFFECTS (owner decides apply vs archive)","","data effects (INSERT/UPDATE/DELETE) ; policy missing: ar_ro_documents|Store owners manage ar_ro_documents ; table missing: ar_ro_documents"
20260615000800,20260615000800_user_contacts_added_via_chat_request.sql,"VERIFIER-LIMIT (unrecognized statements; manual review)","","unrecognized ALTER TABLE actions"
20260615171643,20260615171643_driver_status_rls_for_online_toggle.sql,"NEVER-APPLIED (objects absent live, no later drop found — owner decides)","drivers_status|drivers_status_select_own_or_admin, drivers_status|drivers_status_insert_own_or_admin, drivers_status|drivers_status_update_own_or_admin","policy missing: drivers_status|drivers_status_select_own_or_admin ; policy missing: drivers_status|drivers_status_insert_own_or_admin ; policy missing: drivers_status|drivers_status_update_own_or_admin"
20260615195800,20260615195800_channel_create_rpc.sql,"DATA-EFFECTS (owner decides apply vs archive)","","data effects (INSERT/UPDATE/DELETE)"
20260615202000,20260615202000_channel_update_settings_rpc.sql,"DATA-EFFECTS (owner decides apply vs archive)","","data effects (INSERT/UPDATE/DELETE)"
20260615204418,20260615204418_channel_member_management_rpcs.sql,"DATA-EFFECTS (owner decides apply vs archive)","","data effects (INSERT/UPDATE/DELETE)"
20260616090000,20260616090000_notifications_user_owned_mutations.sql,"VERIFIER-LIMIT (unrecognized statements; manual review)","","statement classes outside the verifier"
20260714151818,20260714151818_zivo_software_release_billing_hardening.sql,"DATA-EFFECTS (owner decides apply vs archive)","","statement classes outside the verifier ; data effects (INSERT/UPDATE/DELETE) ; policy missing: software_pricing_tier_public_metadata|software_pricing_tier_public_metadata_read"
20260717120000,20260717120000_bus_payment_voided_and_webhook_events.sql,"NEVER-APPLIED (objects absent live, no later drop found — owner decides)","bus_stripe_webhook_events, idx_bus_stripe_webhook_events_pi (on bus_stripe_webhook_events)","unrecognized ALTER TABLE actions ; table missing: bus_stripe_webhook_events ; index missing: idx_bus_stripe_webhook_events_pi (on bus_stripe_webhook_events)"
20260806000000,20260806000000_expose_username_on_public_profiles.sql,"GRANT-DIFFERS (live grants differ from file)","","grant state does not match file (live differs)"
20260807120000,20260807120000_notification_preferences_missing_columns.sql,"NEVER-APPLIED (objects absent live, no later drop found — owner decides)","notification_preferences|push_enabled, notification_preferences|notification_preferences_quiet_hours_pair_check","statement classes outside the verifier ; column missing: notification_preferences|push_enabled ; constraint missing: notification_preferences|notification_preferences_quiet_hours_pair_check"
20260808153652,20260808153652_ensure_eats_zones_public_read_contract.sql,"DATA-EFFECTS (owner decides apply vs archive)","","data effects (INSERT/UPDATE/DELETE) ; policy missing: eats_zones|eats_zones_public_read ; index missing: idx_eats_zones_code (on eats_zones)"
20260809170500,20260809170500_lock_down_ar_job_photo_storage.sql,"NEVER-APPLIED (objects absent live, no later drop found — owner decides)","storage|Software owners upload auto repair storage, storage|Software owners update auto repair storage, storage|Software owners delete auto repair storage","policy missing: storage|Software owners upload auto repair storage ; policy missing: storage|Software owners update auto repair storage ; policy missing: storage|Software owners delete auto repair storage"
20260809184000,20260809184000_harden_public_email_otp_identity.sql,"NEVER-APPLIED (objects absent live, no later drop found — owner decides)","otp_codes|otp_codes_service_role_only, idx_otp_codes_active_scope (on otp_codes)","unrecognized ALTER TABLE actions ; policy missing: otp_codes|otp_codes_service_role_only ; index missing: idx_otp_codes_active_scope (on otp_codes)"
20260809185000,20260809185000_harden_trusted_device_rpc_ownership.sql,"DATA-EFFECTS (owner decides apply vs archive)","","data effects (INSERT/UPDATE/DELETE) ; dropped function still live: register_trusted_device"
20260811023000,20260811023000_parental_safety_server_state.sql,"VERIFIER-LIMIT (unrecognized statements; manual review)","","statement classes outside the verifier ; dropped policy still live: parental_safety_settings|parental_safety_block_direct_insert ; dropped policy still live: parental_safety_settings|parental_safety_block_direct_update"
20260826191256,20260826191256_lodging_cutluy_payment_rail.sql,"DATA-EFFECTS (owner decides apply vs archive)","","statement classes outside the verifier ; data effects (INSERT/UPDATE/DELETE) ; unrecognized ALTER TABLE actions"
20260830161008,20260830161008_release_backend_security_reconciliation.sql,"DATA-EFFECTS (owner decides apply vs archive)","","statement classes outside the verifier ; data effects (INSERT/UPDATE/DELETE) ; unrecognized ALTER TABLE actions"
20260830163714,20260830163714_harden_internal_cron_auth.sql,"NEVER-APPLIED (objects absent live, no later drop found — owner decides)","private","function missing: private"
20260830183748,20260830183748_eats_wallet_backend_reconciliation.sql,"DATA-EFFECTS (owner decides apply vs archive)","","statement classes outside the verifier ; data effects (INSERT/UPDATE/DELETE) ; dropped policy still live: customer_wallets|customer_wallets_block_direct_insert"
20260830185229,20260830185229_harden_eats_order_creation_authority.sql,"VERIFIER-LIMIT (unrecognized statements; manual review)","","statement classes outside the verifier ; unrecognized ALTER TABLE actions"
20260830190000,20260830190000_eats_payment_cancellation_state_machine.sql,"DATA-EFFECTS (owner decides apply vs archive)","","statement classes outside the verifier ; data effects (INSERT/UPDATE/DELETE) ; table missing: private"
20260830190500,20260830190500_eats_dispatch_idempotency.sql,"DATA-EFFECTS (owner decides apply vs archive)","","statement classes outside the verifier ; data effects (INSERT/UPDATE/DELETE) ; unrecognized ALTER TABLE actions"
20260830191000,20260830191000_eats_inventory_promo_atomic_order.sql,"DATA-EFFECTS (owner decides apply vs archive)","","statement classes outside the verifier ; data effects (INSERT/UPDATE/DELETE) ; table missing: private"
20260830193000,20260830193000_eats_manual_payout_authority.sql,"DATA-EFFECTS (owner decides apply vs archive)","","statement classes outside the verifier ; data effects (INSERT/UPDATE/DELETE) ; unrecognized ALTER TABLE actions"
20260830193500,20260830193500_payout_method_verification_authority.sql,"DATA-EFFECTS (owner decides apply vs archive)","","statement classes outside the verifier ; data effects (INSERT/UPDATE/DELETE) ; unrecognized ALTER TABLE actions"
20260830194000,20260830194000_eats_order_financial_authority.sql,"NEVER-APPLIED (objects absent live, no later drop found — owner decides)","private, advance_eats_restaurant_order","statement classes outside the verifier ; function missing: private ; function missing: advance_eats_restaurant_order"
20260830194511,20260830194511_eats_order_creation_authority_hard_cutover.sql,"NEVER-APPLIED (objects absent live, no later drop found — owner decides)","food_orders|food_orders_block_customer_direct_insert","statement classes outside the verifier ; policy missing: food_orders|food_orders_block_customer_direct_insert ; dropped policy still live: food_orders|zivo_fo_insert"
20260831000449,20260831000449_harden_auth_login_attempt_boundary.sql,"VERIFIER-LIMIT (unrecognized statements; manual review)","","statement classes outside the verifier"
20260831000607,20260831000607_harden_backend_helper_caller_identity.sql,"DATA-EFFECTS (owner decides apply vs archive)","","statement classes outside the verifier ; data effects (INSERT/UPDATE/DELETE)"
20260831002349,20260831002349_harden_cafe_customer_lookup_and_loyalty_ownership.sql,"NEVER-APPLIED (objects absent live, no later drop found — owner decides)","tg_cafe_loyalty_authorize_redeem, cafe_loyalty_authorize_redeem","function missing: tg_cafe_loyalty_authorize_redeem ; trigger missing: cafe_loyalty_authorize_redeem"
20260831005613,20260831005613_salon_booking_capability_access.sql,"DATA-EFFECTS (owner decides apply vs archive)","","statement classes outside the verifier ; data effects (INSERT/UPDATE/DELETE) ; table missing: private"
20260831030202,20260831030202_car_rental_reservation_capability_access.sql,"DATA-EFFECTS (owner decides apply vs archive)","","statement classes outside the verifier ; data effects (INSERT/UPDATE/DELETE) ; table missing: private"
20260831041439,20260831041439_car_dealership_customer_capability_legacy_acl_cutover.sql,"NEVER-APPLIED (objects absent live, no later drop found — owner decides)","car_dealership_reviews|Dealership owners and admins read full reviews, car_dealership_reviews|Dealership full review reads require owner or admin, car_dealership_reviews|Car dealership review inserts require trusted server validation","policy missing: car_dealership_reviews|Dealership owners and admins read full reviews ; policy missing: car_dealership_reviews|Dealership full review reads require owner or admin ; policy missing: car_dealership_reviews|Car dealership review inserts require trusted server validation"
