remote_version,position_vs_local_range,nearest_local_version,nearest_local_filename,nearest_delta_seconds
20260126183930,inside_local_range,20260330173000,20260330173000_8b4f4f26-7036-4e35-9d37-65ab70f88df4.sql,5439030
20260126184148,inside_local_range,20260330173000,20260330173000_8b4f4f26-7036-4e35-9d37-65ab70f88df4.sql,5438892
20260126184302,inside_local_range,20260330173000,20260330173000_8b4f4f26-7036-4e35-9d37-65ab70f88df4.sql,5438818
20260126184455,inside_local_range,20260330173000,20260330173000_8b4f4f26-7036-4e35-9d37-65ab70f88df4.sql,5438705
20260126184528,inside_local_range,20260330173000,20260330173000_8b4f4f26-7036-4e35-9d37-65ab70f88df4.sql,5438672
20260126184745,inside_local_range,20260330173000,20260330173000_8b4f4f26-7036-4e35-9d37-65ab70f88df4.sql,5438535
20260126184804,inside_local_range,20260330173000,20260330173000_8b4f4f26-7036-4e35-9d37-65ab70f88df4.sql,5438516
20260126185025,inside_local_range,20260330173000,20260330173000_8b4f4f26-7036-4e35-9d37-65ab70f88df4.sql,5438375
20260126191009,inside_local_range,20260330173000,20260330173000_8b4f4f26-7036-4e35-9d37-65ab70f88df4.sql,5437191
20260126191230,inside_local_range,20260330173000,20260330173000_8b4f4f26-7036-4e35-9d37-65ab70f88df4.sql,5437050
20260126191456,inside_local_range,20260330173000,20260330173000_8b4f4f26-7036-4e35-9d37-65ab70f88df4.sql,5436904
20260126191725,inside_local_range,20260330173000,20260330173000_8b4f4f26-7036-4e35-9d37-65ab70f88df4.sql,5436755
20260126192403,inside_local_range,20260330173000,20260330173000_8b4f4f26-7036-4e35-9d37-65ab70f88df4.sql,5436357
20260126192431,inside_local_range,20260330173000,20260330173000_8b4f4f26-7036-4e35-9d37-65ab70f88df4.sql,5436329
20260126204142,inside_local_range,20260330173000,20260330173000_8b4f4f26-7036-4e35-9d37-65ab70f88df4.sql,5431698
20260126204329,inside_local_range,20260330173000,20260330173000_8b4f4f26-7036-4e35-9d37-65ab70f88df4.sql,5431591
20260126204335,inside_local_range,20260330173000,20260330173000_8b4f4f26-7036-4e35-9d37-65ab70f88df4.sql,5431585
20260126204846,inside_local_range,20260330173000,20260330173000_8b4f4f26-7036-4e35-9d37-65ab70f88df4.sql,5431274
20260126205325,inside_local_range,20260330173000,20260330173000_8b4f4f26-7036-4e35-9d37-65ab70f88df4.sql,5430995
20260126211226,inside_local_range,20260330173000,20260330173000_8b4f4f26-7036-4e35-9d37-65ab70f88df4.sql,5429854
20260126222108,inside_local_range,20260330173000,20260330173000_8b4f4f26-7036-4e35-9d37-65ab70f88df4.sql,5425732
20260126224544,inside_local_range,20260330173000,20260330173000_8b4f4f26-7036-4e35-9d37-65ab70f88df4.sql,5424256
20260126230109,inside_local_range,20260330173000,20260330173000_8b4f4f26-7036-4e35-9d37-65ab70f88df4.sql,5423331
20260126234441,inside_local_range,20260330173000,20260330173000_8b4f4f26-7036-4e35-9d37-65ab70f88df4.sql,5420719
20260126235437,inside_local_range,20260330173000,20260330173000_8b4f4f26-7036-4e35-9d37-65ab70f88df4.sql,5420123
20260127003523,inside_local_range,20260330173000,20260330173000_8b4f4f26-7036-4e35-9d37-65ab70f88df4.sql,5417677
20260127182943,inside_local_range,20260330173000,20260330173000_8b4f4f26-7036-4e35-9d37-65ab70f88df4.sql,5353217
20260127194845,inside_local_range,20260330173000,20260330173000_8b4f4f26-7036-4e35-9d37-65ab70f88df4.sql,5348475
20260127205740,inside_local_range,20260330173000,20260330173000_8b4f4f26-7036-4e35-9d37-65ab70f88df4.sql,5344340
20260127210510,inside_local_range,20260330173000,20260330173000_8b4f4f26-7036-4e35-9d37-65ab70f88df4.sql,5343890
20260127211135,inside_local_range,20260330173000,20260330173000_8b4f4f26-7036-4e35-9d37-65ab70f88df4.sql,5343505
20260127213207,inside_local_range,20260330173000,20260330173000_8b4f4f26-7036-4e35-9d37-65ab70f88df4.sql,5342273
20260127215035,inside_local_range,20260330173000,20260330173000_8b4f4f26-7036-4e35-9d37-65ab70f88df4.sql,5341165
20260127220222,inside_local_range,20260330173000,20260330173000_8b4f4f26-7036-4e35-9d37-65ab70f88df4.sql,5340458
20260127220734,inside_local_range,20260330173000,20260330173000_8b4f4f26-7036-4e35-9d37-65ab70f88df4.sql,5340146
20260127221317,inside_local_range,20260330173000,20260330173000_8b4f4f26-7036-4e35-9d37-65ab70f88df4.sql,5339803
20260127223805,inside_local_range,20260330173000,20260330173000_8b4f4f26-7036-4e35-9d37-65ab70f88df4.sql,5338315
20260127233542,inside_local_range,20260330173000,20260330173000_8b4f4f26-7036-4e35-9d37-65ab70f88df4.sql,5334858
20260127234807,inside_local_range,20260330173000,20260330173000_8b4f4f26-7036-4e35-9d37-65ab70f88df4.sql,5334113
20260127235132,inside_local_range,20260330173000,20260330173000_8b4f4f26-7036-4e35-9d37-65ab70f88df4.sql,5333908
20260128002136,inside_local_range,20260330173000,20260330173000_8b4f4f26-7036-4e35-9d37-65ab70f88df4.sql,5332104
20260128002349,inside_local_range,20260330173000,20260330173000_8b4f4f26-7036-4e35-9d37-65ab70f88df4.sql,5331971
20260129023607,inside_local_range,20260330173000,20260330173000_8b4f4f26-7036-4e35-9d37-65ab70f88df4.sql,5237633
20260129030542,inside_local_range,20260330173000,20260330173000_8b4f4f26-7036-4e35-9d37-65ab70f88df4.sql,5235858
20260129040838,inside_local_range,20260330173000,20260330173000_8b4f4f26-7036-4e35-9d37-65ab70f88df4.sql,5232082
20260129042235,inside_local_range,20260330173000,20260330173000_8b4f4f26-7036-4e35-9d37-65ab70f88df4.sql,5231245
20260129042252,inside_local_range,20260330173000,20260330173000_8b4f4f26-7036-4e35-9d37-65ab70f88df4.sql,5231228
20260129043309,inside_local_range,20260330173000,20260330173000_8b4f4f26-7036-4e35-9d37-65ab70f88df4.sql,5230611
20260129043341,inside_local_range,20260330173000,20260330173000_8b4f4f26-7036-4e35-9d37-65ab70f88df4.sql,5230579
20260129043720,inside_local_range,20260330173000,20260330173000_8b4f4f26-7036-4e35-9d37-65ab70f88df4.sql,5230360
20260129184052,inside_local_range,20260330173000,20260330173000_8b4f4f26-7036-4e35-9d37-65ab70f88df4.sql,5179748
20260129184207,inside_local_range,20260330173000,20260330173000_8b4f4f26-7036-4e35-9d37-65ab70f88df4.sql,5179673
20260129184607,inside_local_range,20260330173000,20260330173000_8b4f4f26-7036-4e35-9d37-65ab70f88df4.sql,5179433
20260129184951,inside_local_range,20260330173000,20260330173000_8b4f4f26-7036-4e35-9d37-65ab70f88df4.sql,5179209
20260129185022,inside_local_range,20260330173000,20260330173000_8b4f4f26-7036-4e35-9d37-65ab70f88df4.sql,5179178
20260129185402,inside_local_range,20260330173000,20260330173000_8b4f4f26-7036-4e35-9d37-65ab70f88df4.sql,5178958
20260129185953,inside_local_range,20260330173000,20260330173000_8b4f4f26-7036-4e35-9d37-65ab70f88df4.sql,5178607
20260129190059,inside_local_range,20260330173000,20260330173000_8b4f4f26-7036-4e35-9d37-65ab70f88df4.sql,5178541
20260129191432,inside_local_range,20260330173000,20260330173000_8b4f4f26-7036-4e35-9d37-65ab70f88df4.sql,5177728
20260129191629,inside_local_range,20260330173000,20260330173000_8b4f4f26-7036-4e35-9d37-65ab70f88df4.sql,5177611
20260129192300,inside_local_range,20260330173000,20260330173000_8b4f4f26-7036-4e35-9d37-65ab70f88df4.sql,5177220
20260129192519,inside_local_range,20260330173000,20260330173000_8b4f4f26-7036-4e35-9d37-65ab70f88df4.sql,5177081
20260129194844,inside_local_range,20260330173000,20260330173000_8b4f4f26-7036-4e35-9d37-65ab70f88df4.sql,5175676
20260130203701,inside_local_range,20260330173000,20260330173000_8b4f4f26-7036-4e35-9d37-65ab70f88df4.sql,5086379
20260130203802,inside_local_range,20260330173000,20260330173000_8b4f4f26-7036-4e35-9d37-65ab70f88df4.sql,5086318
20260130204934,inside_local_range,20260330173000,20260330173000_8b4f4f26-7036-4e35-9d37-65ab70f88df4.sql,5085626
20260130205018,inside_local_range,20260330173000,20260330173000_8b4f4f26-7036-4e35-9d37-65ab70f88df4.sql,5085582
20260130214846,inside_local_range,20260330173000,20260330173000_8b4f4f26-7036-4e35-9d37-65ab70f88df4.sql,5082074
20260130214905,inside_local_range,20260330173000,20260330173000_8b4f4f26-7036-4e35-9d37-65ab70f88df4.sql,5082055
20260130214957,inside_local_range,20260330173000,20260330173000_8b4f4f26-7036-4e35-9d37-65ab70f88df4.sql,5082003
20260130215035,inside_local_range,20260330173000,20260330173000_8b4f4f26-7036-4e35-9d37-65ab70f88df4.sql,5081965
20260131161120,inside_local_range,20260330173000,20260330173000_8b4f4f26-7036-4e35-9d37-65ab70f88df4.sql,5015920
20260131161641,inside_local_range,20260330173000,20260330173000_8b4f4f26-7036-4e35-9d37-65ab70f88df4.sql,5015599
20260131161718,inside_local_range,20260330173000,20260330173000_8b4f4f26-7036-4e35-9d37-65ab70f88df4.sql,5015562
20260131162012,inside_local_range,20260330173000,20260330173000_8b4f4f26-7036-4e35-9d37-65ab70f88df4.sql,5015388
20260131162056,inside_local_range,20260330173000,20260330173000_8b4f4f26-7036-4e35-9d37-65ab70f88df4.sql,5015344
20260131162153,inside_local_range,20260330173000,20260330173000_8b4f4f26-7036-4e35-9d37-65ab70f88df4.sql,5015287
20260131164944,inside_local_range,20260330173000,20260330173000_8b4f4f26-7036-4e35-9d37-65ab70f88df4.sql,5013616
20260131203610,inside_local_range,20260330173000,20260330173000_8b4f4f26-7036-4e35-9d37-65ab70f88df4.sql,5000030
20260201014036,inside_local_range,20260330173000,20260330173000_8b4f4f26-7036-4e35-9d37-65ab70f88df4.sql,4981764
20260201014207,inside_local_range,20260330173000,20260330173000_8b4f4f26-7036-4e35-9d37-65ab70f88df4.sql,4981673
20260201055642,inside_local_range,20260330173000,20260330173000_8b4f4f26-7036-4e35-9d37-65ab70f88df4.sql,4966398
20260202042714,inside_local_range,20260330173000,20260330173000_8b4f4f26-7036-4e35-9d37-65ab70f88df4.sql,4885366
20260203030156,inside_local_range,20260330173000,20260330173000_8b4f4f26-7036-4e35-9d37-65ab70f88df4.sql,4804084
20260205013545,inside_local_range,20260330173000,20260330173000_8b4f4f26-7036-4e35-9d37-65ab70f88df4.sql,4636455
20260205014656,inside_local_range,20260330173000,20260330173000_8b4f4f26-7036-4e35-9d37-65ab70f88df4.sql,4635784
20260206012343,inside_local_range,20260330173000,20260330173000_8b4f4f26-7036-4e35-9d37-65ab70f88df4.sql,4550777
20260206232028,inside_local_range,20260330173000,20260330173000_8b4f4f26-7036-4e35-9d37-65ab70f88df4.sql,4471772
20260206232848,inside_local_range,20260330173000,20260330173000_8b4f4f26-7036-4e35-9d37-65ab70f88df4.sql,4471272
20260206233141,inside_local_range,20260330173000,20260330173000_8b4f4f26-7036-4e35-9d37-65ab70f88df4.sql,4471099
20260206233246,inside_local_range,20260330173000,20260330173000_8b4f4f26-7036-4e35-9d37-65ab70f88df4.sql,4471034
20260206234718,inside_local_range,20260330173000,20260330173000_8b4f4f26-7036-4e35-9d37-65ab70f88df4.sql,4470162
20260206235406,inside_local_range,20260330173000,20260330173000_8b4f4f26-7036-4e35-9d37-65ab70f88df4.sql,4469754
20260207000006,inside_local_range,20260330173000,20260330173000_8b4f4f26-7036-4e35-9d37-65ab70f88df4.sql,4469394
20260207000540,inside_local_range,20260330173000,20260330173000_8b4f4f26-7036-4e35-9d37-65ab70f88df4.sql,4469060
20260207000820,inside_local_range,20260330173000,20260330173000_8b4f4f26-7036-4e35-9d37-65ab70f88df4.sql,4468900
20260207001417,inside_local_range,20260330173000,20260330173000_8b4f4f26-7036-4e35-9d37-65ab70f88df4.sql,4468543
20260207002634,inside_local_range,20260330173000,20260330173000_8b4f4f26-7036-4e35-9d37-65ab70f88df4.sql,4467806
20260207003212,inside_local_range,20260330173000,20260330173000_8b4f4f26-7036-4e35-9d37-65ab70f88df4.sql,4467468
20260207003400,inside_local_range,20260330173000,20260330173000_8b4f4f26-7036-4e35-9d37-65ab70f88df4.sql,4467360
20260207004154,inside_local_range,20260330173000,20260330173000_8b4f4f26-7036-4e35-9d37-65ab70f88df4.sql,4466886
20260207004713,inside_local_range,20260330173000,20260330173000_8b4f4f26-7036-4e35-9d37-65ab70f88df4.sql,4466567
20260207015642,inside_local_range,20260330173000,20260330173000_8b4f4f26-7036-4e35-9d37-65ab70f88df4.sql,4462398
20260207020356,inside_local_range,20260330173000,20260330173000_8b4f4f26-7036-4e35-9d37-65ab70f88df4.sql,4461964
20260207021307,inside_local_range,20260330173000,20260330173000_8b4f4f26-7036-4e35-9d37-65ab70f88df4.sql,4461413
20260207023237,inside_local_range,20260330173000,20260330173000_8b4f4f26-7036-4e35-9d37-65ab70f88df4.sql,4460243
20260207023512,inside_local_range,20260330173000,20260330173000_8b4f4f26-7036-4e35-9d37-65ab70f88df4.sql,4460088
20260207025733,inside_local_range,20260330173000,20260330173000_8b4f4f26-7036-4e35-9d37-65ab70f88df4.sql,4458747
20260207030623,inside_local_range,20260330173000,20260330173000_8b4f4f26-7036-4e35-9d37-65ab70f88df4.sql,4458217
20260207032633,inside_local_range,20260330173000,20260330173000_8b4f4f26-7036-4e35-9d37-65ab70f88df4.sql,4457007
20260207035329,inside_local_range,20260330173000,20260330173000_8b4f4f26-7036-4e35-9d37-65ab70f88df4.sql,4455391
20260207035641,inside_local_range,20260330173000,20260330173000_8b4f4f26-7036-4e35-9d37-65ab70f88df4.sql,4455199
20260207035834,inside_local_range,20260330173000,20260330173000_8b4f4f26-7036-4e35-9d37-65ab70f88df4.sql,4455086
20260207040252,inside_local_range,20260330173000,20260330173000_8b4f4f26-7036-4e35-9d37-65ab70f88df4.sql,4454828
20260207040800,inside_local_range,20260330173000,20260330173000_8b4f4f26-7036-4e35-9d37-65ab70f88df4.sql,4454520
20260207041459,inside_local_range,20260330173000,20260330173000_8b4f4f26-7036-4e35-9d37-65ab70f88df4.sql,4454101
20260207041525,inside_local_range,20260330173000,20260330173000_8b4f4f26-7036-4e35-9d37-65ab70f88df4.sql,4454075
20260207042105,inside_local_range,20260330173000,20260330173000_8b4f4f26-7036-4e35-9d37-65ab70f88df4.sql,4453735
20260207042137,inside_local_range,20260330173000,20260330173000_8b4f4f26-7036-4e35-9d37-65ab70f88df4.sql,4453703
20260207155223,inside_local_range,20260330173000,20260330173000_8b4f4f26-7036-4e35-9d37-65ab70f88df4.sql,4412257
20260207163028,inside_local_range,20260330173000,20260330173000_8b4f4f26-7036-4e35-9d37-65ab70f88df4.sql,4409972
20260207165319,inside_local_range,20260330173000,20260330173000_8b4f4f26-7036-4e35-9d37-65ab70f88df4.sql,4408601
20260207173205,inside_local_range,20260330173000,20260330173000_8b4f4f26-7036-4e35-9d37-65ab70f88df4.sql,4406275
20260207173810,inside_local_range,20260330173000,20260330173000_8b4f4f26-7036-4e35-9d37-65ab70f88df4.sql,4405910
20260207174305,inside_local_range,20260330173000,20260330173000_8b4f4f26-7036-4e35-9d37-65ab70f88df4.sql,4405615
20260207174828,inside_local_range,20260330173000,20260330173000_8b4f4f26-7036-4e35-9d37-65ab70f88df4.sql,4405292
20260207174836,inside_local_range,20260330173000,20260330173000_8b4f4f26-7036-4e35-9d37-65ab70f88df4.sql,4405284
20260207180113,inside_local_range,20260330173000,20260330173000_8b4f4f26-7036-4e35-9d37-65ab70f88df4.sql,4404527
20260207180207,inside_local_range,20260330173000,20260330173000_8b4f4f26-7036-4e35-9d37-65ab70f88df4.sql,4404473
20260207180841,inside_local_range,20260330173000,20260330173000_8b4f4f26-7036-4e35-9d37-65ab70f88df4.sql,4404079
20260207182538,inside_local_range,20260330173000,20260330173000_8b4f4f26-7036-4e35-9d37-65ab70f88df4.sql,4403062
20260207183419,inside_local_range,20260330173000,20260330173000_8b4f4f26-7036-4e35-9d37-65ab70f88df4.sql,4402541
20260207184433,inside_local_range,20260330173000,20260330173000_8b4f4f26-7036-4e35-9d37-65ab70f88df4.sql,4401927
20260207185651,inside_local_range,20260330173000,20260330173000_8b4f4f26-7036-4e35-9d37-65ab70f88df4.sql,4401189
20260207191000,inside_local_range,20260330173000,20260330173000_8b4f4f26-7036-4e35-9d37-65ab70f88df4.sql,4400400
20260207191920,inside_local_range,20260330173000,20260330173000_8b4f4f26-7036-4e35-9d37-65ab70f88df4.sql,4399840
20260207193409,inside_local_range,20260330173000,20260330173000_8b4f4f26-7036-4e35-9d37-65ab70f88df4.sql,4398951
20260207193741,inside_local_range,20260330173000,20260330173000_8b4f4f26-7036-4e35-9d37-65ab70f88df4.sql,4398739
20260207194233,inside_local_range,20260330173000,20260330173000_8b4f4f26-7036-4e35-9d37-65ab70f88df4.sql,4398447
20260207195230,inside_local_range,20260330173000,20260330173000_8b4f4f26-7036-4e35-9d37-65ab70f88df4.sql,4397850
20260207195519,inside_local_range,20260330173000,20260330173000_8b4f4f26-7036-4e35-9d37-65ab70f88df4.sql,4397681
20260207200903,inside_local_range,20260330173000,20260330173000_8b4f4f26-7036-4e35-9d37-65ab70f88df4.sql,4396857
20260207202956,inside_local_range,20260330173000,20260330173000_8b4f4f26-7036-4e35-9d37-65ab70f88df4.sql,4395604
20260207204335,inside_local_range,20260330173000,20260330173000_8b4f4f26-7036-4e35-9d37-65ab70f88df4.sql,4394785
20260207205745,inside_local_range,20260330173000,20260330173000_8b4f4f26-7036-4e35-9d37-65ab70f88df4.sql,4393935
20260207210605,inside_local_range,20260330173000,20260330173000_8b4f4f26-7036-4e35-9d37-65ab70f88df4.sql,4393435
20260207213111,inside_local_range,20260330173000,20260330173000_8b4f4f26-7036-4e35-9d37-65ab70f88df4.sql,4391929
20260207214155,inside_local_range,20260330173000,20260330173000_8b4f4f26-7036-4e35-9d37-65ab70f88df4.sql,4391285
20260207215015,inside_local_range,20260330173000,20260330173000_8b4f4f26-7036-4e35-9d37-65ab70f88df4.sql,4390785
20260207215938,inside_local_range,20260330173000,20260330173000_8b4f4f26-7036-4e35-9d37-65ab70f88df4.sql,4390222
20260207235441,inside_local_range,20260330173000,20260330173000_8b4f4f26-7036-4e35-9d37-65ab70f88df4.sql,4383319
20260207235543,inside_local_range,20260330173000,20260330173000_8b4f4f26-7036-4e35-9d37-65ab70f88df4.sql,4383257
20260207235731,inside_local_range,20260330173000,20260330173000_8b4f4f26-7036-4e35-9d37-65ab70f88df4.sql,4383149
20260208000312,inside_local_range,20260330173000,20260330173000_8b4f4f26-7036-4e35-9d37-65ab70f88df4.sql,4382808
20260208000847,inside_local_range,20260330173000,20260330173000_8b4f4f26-7036-4e35-9d37-65ab70f88df4.sql,4382473
20260208013944,inside_local_range,20260330173000,20260330173000_8b4f4f26-7036-4e35-9d37-65ab70f88df4.sql,4377016
20260208021721,inside_local_range,20260330173000,20260330173000_8b4f4f26-7036-4e35-9d37-65ab70f88df4.sql,4374759
20260208023256,inside_local_range,20260330173000,20260330173000_8b4f4f26-7036-4e35-9d37-65ab70f88df4.sql,4373824
20260208025739,inside_local_range,20260330173000,20260330173000_8b4f4f26-7036-4e35-9d37-65ab70f88df4.sql,4372341
20260208030850,inside_local_range,20260330173000,20260330173000_8b4f4f26-7036-4e35-9d37-65ab70f88df4.sql,4371670
20260208030910,inside_local_range,20260330173000,20260330173000_8b4f4f26-7036-4e35-9d37-65ab70f88df4.sql,4371650
20260208032050,inside_local_range,20260330173000,20260330173000_8b4f4f26-7036-4e35-9d37-65ab70f88df4.sql,4370950
20260208034701,inside_local_range,20260330173000,20260330173000_8b4f4f26-7036-4e35-9d37-65ab70f88df4.sql,4369379
20260208040142,inside_local_range,20260330173000,20260330173000_8b4f4f26-7036-4e35-9d37-65ab70f88df4.sql,4368498
20260208040630,inside_local_range,20260330173000,20260330173000_8b4f4f26-7036-4e35-9d37-65ab70f88df4.sql,4368210
20260208041544,inside_local_range,20260330173000,20260330173000_8b4f4f26-7036-4e35-9d37-65ab70f88df4.sql,4367656
20260208160414,inside_local_range,20260330173000,20260330173000_8b4f4f26-7036-4e35-9d37-65ab70f88df4.sql,4325146
20260208163552,inside_local_range,20260330173000,20260330173000_8b4f4f26-7036-4e35-9d37-65ab70f88df4.sql,4323248
20260208175150,inside_local_range,20260330173000,20260330173000_8b4f4f26-7036-4e35-9d37-65ab70f88df4.sql,4318690
20260208175838,inside_local_range,20260330173000,20260330173000_8b4f4f26-7036-4e35-9d37-65ab70f88df4.sql,4318282
20260208180105,inside_local_range,20260330173000,20260330173000_8b4f4f26-7036-4e35-9d37-65ab70f88df4.sql,4318135
20260208180302,inside_local_range,20260330173000,20260330173000_8b4f4f26-7036-4e35-9d37-65ab70f88df4.sql,4318018
20260208181422,inside_local_range,20260330173000,20260330173000_8b4f4f26-7036-4e35-9d37-65ab70f88df4.sql,4317338
20260208181912,inside_local_range,20260330173000,20260330173000_8b4f4f26-7036-4e35-9d37-65ab70f88df4.sql,4317048
20260208181951,inside_local_range,20260330173000,20260330173000_8b4f4f26-7036-4e35-9d37-65ab70f88df4.sql,4317009
20260208182432,inside_local_range,20260330173000,20260330173000_8b4f4f26-7036-4e35-9d37-65ab70f88df4.sql,4316728
20260208182834,inside_local_range,20260330173000,20260330173000_8b4f4f26-7036-4e35-9d37-65ab70f88df4.sql,4316486
20260208183244,inside_local_range,20260330173000,20260330173000_8b4f4f26-7036-4e35-9d37-65ab70f88df4.sql,4316236
20260208183946,inside_local_range,20260330173000,20260330173000_8b4f4f26-7036-4e35-9d37-65ab70f88df4.sql,4315814
20260208184555,inside_local_range,20260330173000,20260330173000_8b4f4f26-7036-4e35-9d37-65ab70f88df4.sql,4315445
20260208185124,inside_local_range,20260330173000,20260330173000_8b4f4f26-7036-4e35-9d37-65ab70f88df4.sql,4315116
20260208191313,inside_local_range,20260330173000,20260330173000_8b4f4f26-7036-4e35-9d37-65ab70f88df4.sql,4313807
20260208191715,inside_local_range,20260330173000,20260330173000_8b4f4f26-7036-4e35-9d37-65ab70f88df4.sql,4313565
20260208194324,inside_local_range,20260330173000,20260330173000_8b4f4f26-7036-4e35-9d37-65ab70f88df4.sql,4311996
20260208194725,inside_local_range,20260330173000,20260330173000_8b4f4f26-7036-4e35-9d37-65ab70f88df4.sql,4311755
20260208194855,inside_local_range,20260330173000,20260330173000_8b4f4f26-7036-4e35-9d37-65ab70f88df4.sql,4311665
20260208200028,inside_local_range,20260330173000,20260330173000_8b4f4f26-7036-4e35-9d37-65ab70f88df4.sql,4310972
20260208200246,inside_local_range,20260330173000,20260330173000_8b4f4f26-7036-4e35-9d37-65ab70f88df4.sql,4310834
20260208202241,inside_local_range,20260330173000,20260330173000_8b4f4f26-7036-4e35-9d37-65ab70f88df4.sql,4309639
20260208203327,inside_local_range,20260330173000,20260330173000_8b4f4f26-7036-4e35-9d37-65ab70f88df4.sql,4308993
20260208203456,inside_local_range,20260330173000,20260330173000_8b4f4f26-7036-4e35-9d37-65ab70f88df4.sql,4308904
20260208203635,inside_local_range,20260330173000,20260330173000_8b4f4f26-7036-4e35-9d37-65ab70f88df4.sql,4308805
20260208204009,inside_local_range,20260330173000,20260330173000_8b4f4f26-7036-4e35-9d37-65ab70f88df4.sql,4308591
20260208204259,inside_local_range,20260330173000,20260330173000_8b4f4f26-7036-4e35-9d37-65ab70f88df4.sql,4308421
20260208204312,inside_local_range,20260330173000,20260330173000_8b4f4f26-7036-4e35-9d37-65ab70f88df4.sql,4308408
20260208205413,inside_local_range,20260330173000,20260330173000_8b4f4f26-7036-4e35-9d37-65ab70f88df4.sql,4307747
20260208205420,inside_local_range,20260330173000,20260330173000_8b4f4f26-7036-4e35-9d37-65ab70f88df4.sql,4307740
20260208205702,inside_local_range,20260330173000,20260330173000_8b4f4f26-7036-4e35-9d37-65ab70f88df4.sql,4307578
20260208205847,inside_local_range,20260330173000,20260330173000_8b4f4f26-7036-4e35-9d37-65ab70f88df4.sql,4307473
20260208210640,inside_local_range,20260330173000,20260330173000_8b4f4f26-7036-4e35-9d37-65ab70f88df4.sql,4307000
20260208211029,inside_local_range,20260330173000,20260330173000_8b4f4f26-7036-4e35-9d37-65ab70f88df4.sql,4306771
20260208211503,inside_local_range,20260330173000,20260330173000_8b4f4f26-7036-4e35-9d37-65ab70f88df4.sql,4306497
20260208212227,inside_local_range,20260330173000,20260330173000_8b4f4f26-7036-4e35-9d37-65ab70f88df4.sql,4306053
20260208212938,inside_local_range,20260330173000,20260330173000_8b4f4f26-7036-4e35-9d37-65ab70f88df4.sql,4305622
20260208213833,inside_local_range,20260330173000,20260330173000_8b4f4f26-7036-4e35-9d37-65ab70f88df4.sql,4305087
20260208213849,inside_local_range,20260330173000,20260330173000_8b4f4f26-7036-4e35-9d37-65ab70f88df4.sql,4305071
20260208214038,inside_local_range,20260330173000,20260330173000_8b4f4f26-7036-4e35-9d37-65ab70f88df4.sql,4304962
20260208215001,inside_local_range,20260330173000,20260330173000_8b4f4f26-7036-4e35-9d37-65ab70f88df4.sql,4304399
20260208220044,inside_local_range,20260330173000,20260330173000_8b4f4f26-7036-4e35-9d37-65ab70f88df4.sql,4303756
20260208232532,inside_local_range,20260330173000,20260330173000_8b4f4f26-7036-4e35-9d37-65ab70f88df4.sql,4298668
20260208232543,inside_local_range,20260330173000,20260330173000_8b4f4f26-7036-4e35-9d37-65ab70f88df4.sql,4298657
20260208234904,inside_local_range,20260330173000,20260330173000_8b4f4f26-7036-4e35-9d37-65ab70f88df4.sql,4297256
20260209002002,inside_local_range,20260330173000,20260330173000_8b4f4f26-7036-4e35-9d37-65ab70f88df4.sql,4295398
20260209002151,inside_local_range,20260330173000,20260330173000_8b4f4f26-7036-4e35-9d37-65ab70f88df4.sql,4295289
20260209002303,inside_local_range,20260330173000,20260330173000_8b4f4f26-7036-4e35-9d37-65ab70f88df4.sql,4295217
20260209002353,inside_local_range,20260330173000,20260330173000_8b4f4f26-7036-4e35-9d37-65ab70f88df4.sql,4295167
20260209012804,inside_local_range,20260330173000,20260330173000_8b4f4f26-7036-4e35-9d37-65ab70f88df4.sql,4291316
20260209012805,inside_local_range,20260330173000,20260330173000_8b4f4f26-7036-4e35-9d37-65ab70f88df4.sql,4291315
20260209013418,inside_local_range,20260330173000,20260330173000_8b4f4f26-7036-4e35-9d37-65ab70f88df4.sql,4290942
20260209013505,inside_local_range,20260330173000,20260330173000_8b4f4f26-7036-4e35-9d37-65ab70f88df4.sql,4290895
20260209013512,inside_local_range,20260330173000,20260330173000_8b4f4f26-7036-4e35-9d37-65ab70f88df4.sql,4290888
20260209015643,inside_local_range,20260330173000,20260330173000_8b4f4f26-7036-4e35-9d37-65ab70f88df4.sql,4289597
20260209020403,inside_local_range,20260330173000,20260330173000_8b4f4f26-7036-4e35-9d37-65ab70f88df4.sql,4289157
20260209021331,inside_local_range,20260330173000,20260330173000_8b4f4f26-7036-4e35-9d37-65ab70f88df4.sql,4288589
20260209021609,inside_local_range,20260330173000,20260330173000_8b4f4f26-7036-4e35-9d37-65ab70f88df4.sql,4288431
20260209022744,inside_local_range,20260330173000,20260330173000_8b4f4f26-7036-4e35-9d37-65ab70f88df4.sql,4287736
20260209023211,inside_local_range,20260330173000,20260330173000_8b4f4f26-7036-4e35-9d37-65ab70f88df4.sql,4287469
20260209023630,inside_local_range,20260330173000,20260330173000_8b4f4f26-7036-4e35-9d37-65ab70f88df4.sql,4287210
20260209024143,inside_local_range,20260330173000,20260330173000_8b4f4f26-7036-4e35-9d37-65ab70f88df4.sql,4286897
20260209024634,inside_local_range,20260330173000,20260330173000_8b4f4f26-7036-4e35-9d37-65ab70f88df4.sql,4286606
20260209025051,inside_local_range,20260330173000,20260330173000_8b4f4f26-7036-4e35-9d37-65ab70f88df4.sql,4286349
20260209025143,inside_local_range,20260330173000,20260330173000_8b4f4f26-7036-4e35-9d37-65ab70f88df4.sql,4286297
20260209025625,inside_local_range,20260330173000,20260330173000_8b4f4f26-7036-4e35-9d37-65ab70f88df4.sql,4286015
20260209030226,inside_local_range,20260330173000,20260330173000_8b4f4f26-7036-4e35-9d37-65ab70f88df4.sql,4285654
20260209030358,inside_local_range,20260330173000,20260330173000_8b4f4f26-7036-4e35-9d37-65ab70f88df4.sql,4285562
20260209030955,inside_local_range,20260330173000,20260330173000_8b4f4f26-7036-4e35-9d37-65ab70f88df4.sql,4285205
20260209030957,inside_local_range,20260330173000,20260330173000_8b4f4f26-7036-4e35-9d37-65ab70f88df4.sql,4285203
20260209031439,inside_local_range,20260330173000,20260330173000_8b4f4f26-7036-4e35-9d37-65ab70f88df4.sql,4284921
20260209031442,inside_local_range,20260330173000,20260330173000_8b4f4f26-7036-4e35-9d37-65ab70f88df4.sql,4284918
20260209032215,inside_local_range,20260330173000,20260330173000_8b4f4f26-7036-4e35-9d37-65ab70f88df4.sql,4284465
20260209033024,inside_local_range,20260330173000,20260330173000_8b4f4f26-7036-4e35-9d37-65ab70f88df4.sql,4283976
20260209034738,inside_local_range,20260330173000,20260330173000_8b4f4f26-7036-4e35-9d37-65ab70f88df4.sql,4282942
20260209035205,inside_local_range,20260330173000,20260330173000_8b4f4f26-7036-4e35-9d37-65ab70f88df4.sql,4282675
20260209040324,inside_local_range,20260330173000,20260330173000_8b4f4f26-7036-4e35-9d37-65ab70f88df4.sql,4281996
20260209040518,inside_local_range,20260330173000,20260330173000_8b4f4f26-7036-4e35-9d37-65ab70f88df4.sql,4281882
20260209042212,inside_local_range,20260330173000,20260330173000_8b4f4f26-7036-4e35-9d37-65ab70f88df4.sql,4280868
20260209042745,inside_local_range,20260330173000,20260330173000_8b4f4f26-7036-4e35-9d37-65ab70f88df4.sql,4280535
20260209042943,inside_local_range,20260330173000,20260330173000_8b4f4f26-7036-4e35-9d37-65ab70f88df4.sql,4280417
20260209043707,inside_local_range,20260330173000,20260330173000_8b4f4f26-7036-4e35-9d37-65ab70f88df4.sql,4279973
20260209044000,inside_local_range,20260330173000,20260330173000_8b4f4f26-7036-4e35-9d37-65ab70f88df4.sql,4279800
20260209044133,inside_local_range,20260330173000,20260330173000_8b4f4f26-7036-4e35-9d37-65ab70f88df4.sql,4279707
20260209044328,inside_local_range,20260330173000,20260330173000_8b4f4f26-7036-4e35-9d37-65ab70f88df4.sql,4279592
20260209044353,inside_local_range,20260330173000,20260330173000_8b4f4f26-7036-4e35-9d37-65ab70f88df4.sql,4279567
20260209045410,inside_local_range,20260330173000,20260330173000_8b4f4f26-7036-4e35-9d37-65ab70f88df4.sql,4278950
20260209045807,inside_local_range,20260330173000,20260330173000_8b4f4f26-7036-4e35-9d37-65ab70f88df4.sql,4278713
20260209150902,inside_local_range,20260330173000,20260330173000_8b4f4f26-7036-4e35-9d37-65ab70f88df4.sql,4242058
20260209151532,inside_local_range,20260330173000,20260330173000_8b4f4f26-7036-4e35-9d37-65ab70f88df4.sql,4241668
20260209152043,inside_local_range,20260330173000,20260330173000_8b4f4f26-7036-4e35-9d37-65ab70f88df4.sql,4241357
20260209152438,inside_local_range,20260330173000,20260330173000_8b4f4f26-7036-4e35-9d37-65ab70f88df4.sql,4241122
20260209152959,inside_local_range,20260330173000,20260330173000_8b4f4f26-7036-4e35-9d37-65ab70f88df4.sql,4240801
20260209154003,inside_local_range,20260330173000,20260330173000_8b4f4f26-7036-4e35-9d37-65ab70f88df4.sql,4240197
20260209154514,inside_local_range,20260330173000,20260330173000_8b4f4f26-7036-4e35-9d37-65ab70f88df4.sql,4239886
20260209160248,inside_local_range,20260330173000,20260330173000_8b4f4f26-7036-4e35-9d37-65ab70f88df4.sql,4238832
20260209161716,inside_local_range,20260330173000,20260330173000_8b4f4f26-7036-4e35-9d37-65ab70f88df4.sql,4237964
20260209162733,inside_local_range,20260330173000,20260330173000_8b4f4f26-7036-4e35-9d37-65ab70f88df4.sql,4237347
20260209163256,inside_local_range,20260330173000,20260330173000_8b4f4f26-7036-4e35-9d37-65ab70f88df4.sql,4237024
20260209164939,inside_local_range,20260330173000,20260330173000_8b4f4f26-7036-4e35-9d37-65ab70f88df4.sql,4236021
20260209165111,inside_local_range,20260330173000,20260330173000_8b4f4f26-7036-4e35-9d37-65ab70f88df4.sql,4235929
20260209182005,inside_local_range,20260330173000,20260330173000_8b4f4f26-7036-4e35-9d37-65ab70f88df4.sql,4230595
20260209192729,inside_local_range,20260330173000,20260330173000_8b4f4f26-7036-4e35-9d37-65ab70f88df4.sql,4226551
20260209200701,inside_local_range,20260330173000,20260330173000_8b4f4f26-7036-4e35-9d37-65ab70f88df4.sql,4224179
20260209203820,inside_local_range,20260330173000,20260330173000_8b4f4f26-7036-4e35-9d37-65ab70f88df4.sql,4222300
20260209204604,inside_local_range,20260330173000,20260330173000_8b4f4f26-7036-4e35-9d37-65ab70f88df4.sql,4221836
20260209204915,inside_local_range,20260330173000,20260330173000_8b4f4f26-7036-4e35-9d37-65ab70f88df4.sql,4221645
20260209214018,inside_local_range,20260330173000,20260330173000_8b4f4f26-7036-4e35-9d37-65ab70f88df4.sql,4218582
20260209215350,inside_local_range,20260330173000,20260330173000_8b4f4f26-7036-4e35-9d37-65ab70f88df4.sql,4217770
20260209222944,inside_local_range,20260330173000,20260330173000_8b4f4f26-7036-4e35-9d37-65ab70f88df4.sql,4215616
20260209223649,inside_local_range,20260330173000,20260330173000_8b4f4f26-7036-4e35-9d37-65ab70f88df4.sql,4215191
20260210005841,inside_local_range,20260330173000,20260330173000_8b4f4f26-7036-4e35-9d37-65ab70f88df4.sql,4206679
20260210011712,inside_local_range,20260330173000,20260330173000_8b4f4f26-7036-4e35-9d37-65ab70f88df4.sql,4205568
20260210163746,inside_local_range,20260330173000,20260330173000_8b4f4f26-7036-4e35-9d37-65ab70f88df4.sql,4150334
20260210183126,inside_local_range,20260330173000,20260330173000_8b4f4f26-7036-4e35-9d37-65ab70f88df4.sql,4143514
20260211035225,inside_local_range,20260330173000,20260330173000_8b4f4f26-7036-4e35-9d37-65ab70f88df4.sql,4109855
20260211035316,inside_local_range,20260330173000,20260330173000_8b4f4f26-7036-4e35-9d37-65ab70f88df4.sql,4109804
20260211055509,inside_local_range,20260330173000,20260330173000_8b4f4f26-7036-4e35-9d37-65ab70f88df4.sql,4102491
20260211060517,inside_local_range,20260330173000,20260330173000_8b4f4f26-7036-4e35-9d37-65ab70f88df4.sql,4101883
20260211063829,inside_local_range,20260330173000,20260330173000_8b4f4f26-7036-4e35-9d37-65ab70f88df4.sql,4099891
20260211154453,inside_local_range,20260330173000,20260330173000_8b4f4f26-7036-4e35-9d37-65ab70f88df4.sql,4067107
20260211205237,inside_local_range,20260330173000,20260330173000_8b4f4f26-7036-4e35-9d37-65ab70f88df4.sql,4048643
20260212001017,inside_local_range,20260330173000,20260330173000_8b4f4f26-7036-4e35-9d37-65ab70f88df4.sql,4036783
20260212001543,inside_local_range,20260330173000,20260330173000_8b4f4f26-7036-4e35-9d37-65ab70f88df4.sql,4036457
20260212002629,inside_local_range,20260330173000,20260330173000_8b4f4f26-7036-4e35-9d37-65ab70f88df4.sql,4035811
20260212003327,inside_local_range,20260330173000,20260330173000_8b4f4f26-7036-4e35-9d37-65ab70f88df4.sql,4035393
20260212004655,inside_local_range,20260330173000,20260330173000_8b4f4f26-7036-4e35-9d37-65ab70f88df4.sql,4034585
20260212004719,inside_local_range,20260330173000,20260330173000_8b4f4f26-7036-4e35-9d37-65ab70f88df4.sql,4034561
20260212005732,inside_local_range,20260330173000,20260330173000_8b4f4f26-7036-4e35-9d37-65ab70f88df4.sql,4033948
20260212010329,inside_local_range,20260330173000,20260330173000_8b4f4f26-7036-4e35-9d37-65ab70f88df4.sql,4033591
20260212010802,inside_local_range,20260330173000,20260330173000_8b4f4f26-7036-4e35-9d37-65ab70f88df4.sql,4033318
20260212011253,inside_local_range,20260330173000,20260330173000_8b4f4f26-7036-4e35-9d37-65ab70f88df4.sql,4033027
20260212012300,inside_local_range,20260330173000,20260330173000_8b4f4f26-7036-4e35-9d37-65ab70f88df4.sql,4032420
20260212012923,inside_local_range,20260330173000,20260330173000_8b4f4f26-7036-4e35-9d37-65ab70f88df4.sql,4032037
20260212014224,inside_local_range,20260330173000,20260330173000_8b4f4f26-7036-4e35-9d37-65ab70f88df4.sql,4031256
20260212014851,inside_local_range,20260330173000,20260330173000_8b4f4f26-7036-4e35-9d37-65ab70f88df4.sql,4030869
20260212022507,inside_local_range,20260330173000,20260330173000_8b4f4f26-7036-4e35-9d37-65ab70f88df4.sql,4028693
20260212025637,inside_local_range,20260330173000,20260330173000_8b4f4f26-7036-4e35-9d37-65ab70f88df4.sql,4026803
20260212033811,inside_local_range,20260330173000,20260330173000_8b4f4f26-7036-4e35-9d37-65ab70f88df4.sql,4024309
20260212035131,inside_local_range,20260330173000,20260330173000_8b4f4f26-7036-4e35-9d37-65ab70f88df4.sql,4023509
20260212040002,inside_local_range,20260330173000,20260330173000_8b4f4f26-7036-4e35-9d37-65ab70f88df4.sql,4022998
20260212042608,inside_local_range,20260330173000,20260330173000_8b4f4f26-7036-4e35-9d37-65ab70f88df4.sql,4021432
20260212043212,inside_local_range,20260330173000,20260330173000_8b4f4f26-7036-4e35-9d37-65ab70f88df4.sql,4021068
20260212045647,inside_local_range,20260330173000,20260330173000_8b4f4f26-7036-4e35-9d37-65ab70f88df4.sql,4019593
20260212050753,inside_local_range,20260330173000,20260330173000_8b4f4f26-7036-4e35-9d37-65ab70f88df4.sql,4018927
20260212051620,inside_local_range,20260330173000,20260330173000_8b4f4f26-7036-4e35-9d37-65ab70f88df4.sql,4018420
20260212125455,inside_local_range,20260330173000,20260330173000_8b4f4f26-7036-4e35-9d37-65ab70f88df4.sql,3990905
20260212130453,inside_local_range,20260330173000,20260330173000_8b4f4f26-7036-4e35-9d37-65ab70f88df4.sql,3990307
20260212131234,inside_local_range,20260330173000,20260330173000_8b4f4f26-7036-4e35-9d37-65ab70f88df4.sql,3989846
20260212150209,inside_local_range,20260330173000,20260330173000_8b4f4f26-7036-4e35-9d37-65ab70f88df4.sql,3983271
20260212181203,inside_local_range,20260330173000,20260330173000_8b4f4f26-7036-4e35-9d37-65ab70f88df4.sql,3971877
20260212194826,inside_local_range,20260330173000,20260330173000_8b4f4f26-7036-4e35-9d37-65ab70f88df4.sql,3966094
20260212195521,inside_local_range,20260330173000,20260330173000_8b4f4f26-7036-4e35-9d37-65ab70f88df4.sql,3965679
20260213005248,inside_local_range,20260330173000,20260330173000_8b4f4f26-7036-4e35-9d37-65ab70f88df4.sql,3947832
20260213005257,inside_local_range,20260330173000,20260330173000_8b4f4f26-7036-4e35-9d37-65ab70f88df4.sql,3947823
20260213015822,inside_local_range,20260330173000,20260330173000_8b4f4f26-7036-4e35-9d37-65ab70f88df4.sql,3943898
20260213020118,inside_local_range,20260330173000,20260330173000_8b4f4f26-7036-4e35-9d37-65ab70f88df4.sql,3943722
20260213020911,inside_local_range,20260330173000,20260330173000_8b4f4f26-7036-4e35-9d37-65ab70f88df4.sql,3943249
20260213022621,inside_local_range,20260330173000,20260330173000_8b4f4f26-7036-4e35-9d37-65ab70f88df4.sql,3942219
20260213023029,inside_local_range,20260330173000,20260330173000_8b4f4f26-7036-4e35-9d37-65ab70f88df4.sql,3941971
20260213044026,inside_local_range,20260330173000,20260330173000_8b4f4f26-7036-4e35-9d37-65ab70f88df4.sql,3934174
20260213044045,inside_local_range,20260330173000,20260330173000_8b4f4f26-7036-4e35-9d37-65ab70f88df4.sql,3934155
20260213044502,inside_local_range,20260330173000,20260330173000_8b4f4f26-7036-4e35-9d37-65ab70f88df4.sql,3933898
20260213044807,inside_local_range,20260330173000,20260330173000_8b4f4f26-7036-4e35-9d37-65ab70f88df4.sql,3933713
20260213142733,inside_local_range,20260330173000,20260330173000_8b4f4f26-7036-4e35-9d37-65ab70f88df4.sql,3898947
20260213142805,inside_local_range,20260330173000,20260330173000_8b4f4f26-7036-4e35-9d37-65ab70f88df4.sql,3898915
20260213143352,inside_local_range,20260330173000,20260330173000_8b4f4f26-7036-4e35-9d37-65ab70f88df4.sql,3898568
20260213143855,inside_local_range,20260330173000,20260330173000_8b4f4f26-7036-4e35-9d37-65ab70f88df4.sql,3898265
20260213144316,inside_local_range,20260330173000,20260330173000_8b4f4f26-7036-4e35-9d37-65ab70f88df4.sql,3898004
20260213144621,inside_local_range,20260330173000,20260330173000_8b4f4f26-7036-4e35-9d37-65ab70f88df4.sql,3897819
20260213144806,inside_local_range,20260330173000,20260330173000_8b4f4f26-7036-4e35-9d37-65ab70f88df4.sql,3897714
20260213145009,inside_local_range,20260330173000,20260330173000_8b4f4f26-7036-4e35-9d37-65ab70f88df4.sql,3897591
20260213145351,inside_local_range,20260330173000,20260330173000_8b4f4f26-7036-4e35-9d37-65ab70f88df4.sql,3897369
20260213145658,inside_local_range,20260330173000,20260330173000_8b4f4f26-7036-4e35-9d37-65ab70f88df4.sql,3897182
20260213145726,inside_local_range,20260330173000,20260330173000_8b4f4f26-7036-4e35-9d37-65ab70f88df4.sql,3897154
20260213150015,inside_local_range,20260330173000,20260330173000_8b4f4f26-7036-4e35-9d37-65ab70f88df4.sql,3896985
20260213155145,inside_local_range,20260330173000,20260330173000_8b4f4f26-7036-4e35-9d37-65ab70f88df4.sql,3893895
20260213162048,inside_local_range,20260330173000,20260330173000_8b4f4f26-7036-4e35-9d37-65ab70f88df4.sql,3892152
20260213163901,inside_local_range,20260330173000,20260330173000_8b4f4f26-7036-4e35-9d37-65ab70f88df4.sql,3891059
20260213164657,inside_local_range,20260330173000,20260330173000_8b4f4f26-7036-4e35-9d37-65ab70f88df4.sql,3890583
20260213164728,inside_local_range,20260330173000,20260330173000_8b4f4f26-7036-4e35-9d37-65ab70f88df4.sql,3890552
20260213165157,inside_local_range,20260330173000,20260330173000_8b4f4f26-7036-4e35-9d37-65ab70f88df4.sql,3890283
20260213165834,inside_local_range,20260330173000,20260330173000_8b4f4f26-7036-4e35-9d37-65ab70f88df4.sql,3889886
20260213170210,inside_local_range,20260330173000,20260330173000_8b4f4f26-7036-4e35-9d37-65ab70f88df4.sql,3889670
20260213170827,inside_local_range,20260330173000,20260330173000_8b4f4f26-7036-4e35-9d37-65ab70f88df4.sql,3889293
20260213201908,inside_local_range,20260330173000,20260330173000_8b4f4f26-7036-4e35-9d37-65ab70f88df4.sql,3877852
20260213203223,inside_local_range,20260330173000,20260330173000_8b4f4f26-7036-4e35-9d37-65ab70f88df4.sql,3877057
20260213203810,inside_local_range,20260330173000,20260330173000_8b4f4f26-7036-4e35-9d37-65ab70f88df4.sql,3876710
20260213203833,inside_local_range,20260330173000,20260330173000_8b4f4f26-7036-4e35-9d37-65ab70f88df4.sql,3876687
20260213204401,inside_local_range,20260330173000,20260330173000_8b4f4f26-7036-4e35-9d37-65ab70f88df4.sql,3876359
20260213204941,inside_local_range,20260330173000,20260330173000_8b4f4f26-7036-4e35-9d37-65ab70f88df4.sql,3876019
20260213222751,inside_local_range,20260330173000,20260330173000_8b4f4f26-7036-4e35-9d37-65ab70f88df4.sql,3870129
20260213235357,inside_local_range,20260330173000,20260330173000_8b4f4f26-7036-4e35-9d37-65ab70f88df4.sql,3864963
20260214005238,inside_local_range,20260330173000,20260330173000_8b4f4f26-7036-4e35-9d37-65ab70f88df4.sql,3861442
20260214015036,inside_local_range,20260330173000,20260330173000_8b4f4f26-7036-4e35-9d37-65ab70f88df4.sql,3857964
20260214033608,inside_local_range,20260330173000,20260330173000_8b4f4f26-7036-4e35-9d37-65ab70f88df4.sql,3851632
20260214034410,inside_local_range,20260330173000,20260330173000_8b4f4f26-7036-4e35-9d37-65ab70f88df4.sql,3851150
20260214034735,inside_local_range,20260330173000,20260330173000_8b4f4f26-7036-4e35-9d37-65ab70f88df4.sql,3850945
20260214184414,inside_local_range,20260330173000,20260330173000_8b4f4f26-7036-4e35-9d37-65ab70f88df4.sql,3797146
20260214191108,inside_local_range,20260330173000,20260330173000_8b4f4f26-7036-4e35-9d37-65ab70f88df4.sql,3795532
20260214200842,inside_local_range,20260330173000,20260330173000_8b4f4f26-7036-4e35-9d37-65ab70f88df4.sql,3792078
20260214202932,inside_local_range,20260330173000,20260330173000_8b4f4f26-7036-4e35-9d37-65ab70f88df4.sql,3790828
20260214204226,inside_local_range,20260330173000,20260330173000_8b4f4f26-7036-4e35-9d37-65ab70f88df4.sql,3790054
20260214205840,inside_local_range,20260330173000,20260330173000_8b4f4f26-7036-4e35-9d37-65ab70f88df4.sql,3789080
20260214210919,inside_local_range,20260330173000,20260330173000_8b4f4f26-7036-4e35-9d37-65ab70f88df4.sql,3788441
20260214212400,inside_local_range,20260330173000,20260330173000_8b4f4f26-7036-4e35-9d37-65ab70f88df4.sql,3787560
20260214224742,inside_local_range,20260330173000,20260330173000_8b4f4f26-7036-4e35-9d37-65ab70f88df4.sql,3782538
20260214231810,inside_local_range,20260330173000,20260330173000_8b4f4f26-7036-4e35-9d37-65ab70f88df4.sql,3780710
20260214232218,inside_local_range,20260330173000,20260330173000_8b4f4f26-7036-4e35-9d37-65ab70f88df4.sql,3780462
20260214234720,inside_local_range,20260330173000,20260330173000_8b4f4f26-7036-4e35-9d37-65ab70f88df4.sql,3778960
20260214234848,inside_local_range,20260330173000,20260330173000_8b4f4f26-7036-4e35-9d37-65ab70f88df4.sql,3778872
20260214234926,inside_local_range,20260330173000,20260330173000_8b4f4f26-7036-4e35-9d37-65ab70f88df4.sql,3778834
20260214234954,inside_local_range,20260330173000,20260330173000_8b4f4f26-7036-4e35-9d37-65ab70f88df4.sql,3778806
20260214235038,inside_local_range,20260330173000,20260330173000_8b4f4f26-7036-4e35-9d37-65ab70f88df4.sql,3778762
20260214235050,inside_local_range,20260330173000,20260330173000_8b4f4f26-7036-4e35-9d37-65ab70f88df4.sql,3778750
20260214235427,inside_local_range,20260330173000,20260330173000_8b4f4f26-7036-4e35-9d37-65ab70f88df4.sql,3778533
20260214235453,inside_local_range,20260330173000,20260330173000_8b4f4f26-7036-4e35-9d37-65ab70f88df4.sql,3778507
20260215000100,inside_local_range,20260330173000,20260330173000_8b4f4f26-7036-4e35-9d37-65ab70f88df4.sql,3778140
20260215000601,inside_local_range,20260330173000,20260330173000_8b4f4f26-7036-4e35-9d37-65ab70f88df4.sql,3777839
20260215002537,inside_local_range,20260330173000,20260330173000_8b4f4f26-7036-4e35-9d37-65ab70f88df4.sql,3776663
20260215002826,inside_local_range,20260330173000,20260330173000_8b4f4f26-7036-4e35-9d37-65ab70f88df4.sql,3776494
20260215003458,inside_local_range,20260330173000,20260330173000_8b4f4f26-7036-4e35-9d37-65ab70f88df4.sql,3776102
20260215003723,inside_local_range,20260330173000,20260330173000_8b4f4f26-7036-4e35-9d37-65ab70f88df4.sql,3775957
20260215003858,inside_local_range,20260330173000,20260330173000_8b4f4f26-7036-4e35-9d37-65ab70f88df4.sql,3775862
20260215172841,inside_local_range,20260330173000,20260330173000_8b4f4f26-7036-4e35-9d37-65ab70f88df4.sql,3715279
20260215185150,inside_local_range,20260330173000,20260330173000_8b4f4f26-7036-4e35-9d37-65ab70f88df4.sql,3710290
20260215202343,inside_local_range,20260330173000,20260330173000_8b4f4f26-7036-4e35-9d37-65ab70f88df4.sql,3704777
20260215203207,inside_local_range,20260330173000,20260330173000_8b4f4f26-7036-4e35-9d37-65ab70f88df4.sql,3704273
20260215205213,inside_local_range,20260330173000,20260330173000_8b4f4f26-7036-4e35-9d37-65ab70f88df4.sql,3703067
20260215210113,inside_local_range,20260330173000,20260330173000_8b4f4f26-7036-4e35-9d37-65ab70f88df4.sql,3702527
20260215210442,inside_local_range,20260330173000,20260330173000_8b4f4f26-7036-4e35-9d37-65ab70f88df4.sql,3702318
20260215222549,inside_local_range,20260330173000,20260330173000_8b4f4f26-7036-4e35-9d37-65ab70f88df4.sql,3697451
20260215223548,inside_local_range,20260330173000,20260330173000_8b4f4f26-7036-4e35-9d37-65ab70f88df4.sql,3696852
20260215225250,inside_local_range,20260330173000,20260330173000_8b4f4f26-7036-4e35-9d37-65ab70f88df4.sql,3695830
20260215225627,inside_local_range,20260330173000,20260330173000_8b4f4f26-7036-4e35-9d37-65ab70f88df4.sql,3695613
20260215230052,inside_local_range,20260330173000,20260330173000_8b4f4f26-7036-4e35-9d37-65ab70f88df4.sql,3695348
20260215231309,inside_local_range,20260330173000,20260330173000_8b4f4f26-7036-4e35-9d37-65ab70f88df4.sql,3694611
20260215231540,inside_local_range,20260330173000,20260330173000_8b4f4f26-7036-4e35-9d37-65ab70f88df4.sql,3694460
20260215231620,inside_local_range,20260330173000,20260330173000_8b4f4f26-7036-4e35-9d37-65ab70f88df4.sql,3694420
20260215231812,inside_local_range,20260330173000,20260330173000_8b4f4f26-7036-4e35-9d37-65ab70f88df4.sql,3694308
20260215231851,inside_local_range,20260330173000,20260330173000_8b4f4f26-7036-4e35-9d37-65ab70f88df4.sql,3694269
20260215231931,inside_local_range,20260330173000,20260330173000_8b4f4f26-7036-4e35-9d37-65ab70f88df4.sql,3694229
20260216001415,inside_local_range,20260330173000,20260330173000_8b4f4f26-7036-4e35-9d37-65ab70f88df4.sql,3690945
20260216002852,inside_local_range,20260330173000,20260330173000_8b4f4f26-7036-4e35-9d37-65ab70f88df4.sql,3690068
20260216171704,inside_local_range,20260330173000,20260330173000_8b4f4f26-7036-4e35-9d37-65ab70f88df4.sql,3629576
20260216180521,inside_local_range,20260330173000,20260330173000_8b4f4f26-7036-4e35-9d37-65ab70f88df4.sql,3626679
20260216181301,inside_local_range,20260330173000,20260330173000_8b4f4f26-7036-4e35-9d37-65ab70f88df4.sql,3626219
20260216181334,inside_local_range,20260330173000,20260330173000_8b4f4f26-7036-4e35-9d37-65ab70f88df4.sql,3626186
20260216181752,inside_local_range,20260330173000,20260330173000_8b4f4f26-7036-4e35-9d37-65ab70f88df4.sql,3625928
20260216182130,inside_local_range,20260330173000,20260330173000_8b4f4f26-7036-4e35-9d37-65ab70f88df4.sql,3625710
20260216182313,inside_local_range,20260330173000,20260330173000_8b4f4f26-7036-4e35-9d37-65ab70f88df4.sql,3625607
20260216183435,inside_local_range,20260330173000,20260330173000_8b4f4f26-7036-4e35-9d37-65ab70f88df4.sql,3624925
20260216183719,inside_local_range,20260330173000,20260330173000_8b4f4f26-7036-4e35-9d37-65ab70f88df4.sql,3624761
20260216192540,inside_local_range,20260330173000,20260330173000_8b4f4f26-7036-4e35-9d37-65ab70f88df4.sql,3621860
20260217160249,inside_local_range,20260330173000,20260330173000_8b4f4f26-7036-4e35-9d37-65ab70f88df4.sql,3547631
20260217222242,inside_local_range,20260330173000,20260330173000_8b4f4f26-7036-4e35-9d37-65ab70f88df4.sql,3524838
20260217233350,inside_local_range,20260330173000,20260330173000_8b4f4f26-7036-4e35-9d37-65ab70f88df4.sql,3520570
20260217235728,inside_local_range,20260330173000,20260330173000_8b4f4f26-7036-4e35-9d37-65ab70f88df4.sql,3519152
20260218015344,inside_local_range,20260330173000,20260330173000_8b4f4f26-7036-4e35-9d37-65ab70f88df4.sql,3512176
20260218021951,inside_local_range,20260330173000,20260330173000_8b4f4f26-7036-4e35-9d37-65ab70f88df4.sql,3510609
20260218022014,inside_local_range,20260330173000,20260330173000_8b4f4f26-7036-4e35-9d37-65ab70f88df4.sql,3510586
20260218022308,inside_local_range,20260330173000,20260330173000_8b4f4f26-7036-4e35-9d37-65ab70f88df4.sql,3510412
20260218022349,inside_local_range,20260330173000,20260330173000_8b4f4f26-7036-4e35-9d37-65ab70f88df4.sql,3510371
20260218023806,inside_local_range,20260330173000,20260330173000_8b4f4f26-7036-4e35-9d37-65ab70f88df4.sql,3509514
20260218024443,inside_local_range,20260330173000,20260330173000_8b4f4f26-7036-4e35-9d37-65ab70f88df4.sql,3509117
20260218030829,inside_local_range,20260330173000,20260330173000_8b4f4f26-7036-4e35-9d37-65ab70f88df4.sql,3507691
20260218031436,inside_local_range,20260330173000,20260330173000_8b4f4f26-7036-4e35-9d37-65ab70f88df4.sql,3507324
20260218031742,inside_local_range,20260330173000,20260330173000_8b4f4f26-7036-4e35-9d37-65ab70f88df4.sql,3507138
20260218032217,inside_local_range,20260330173000,20260330173000_8b4f4f26-7036-4e35-9d37-65ab70f88df4.sql,3506863
20260218033107,inside_local_range,20260330173000,20260330173000_8b4f4f26-7036-4e35-9d37-65ab70f88df4.sql,3506333
20260218044115,inside_local_range,20260330173000,20260330173000_8b4f4f26-7036-4e35-9d37-65ab70f88df4.sql,3502125
20260218044908,inside_local_range,20260330173000,20260330173000_8b4f4f26-7036-4e35-9d37-65ab70f88df4.sql,3501652
20260218045542,inside_local_range,20260330173000,20260330173000_8b4f4f26-7036-4e35-9d37-65ab70f88df4.sql,3501258
20260218050039,inside_local_range,20260330173000,20260330173000_8b4f4f26-7036-4e35-9d37-65ab70f88df4.sql,3500961
20260218051223,inside_local_range,20260330173000,20260330173000_8b4f4f26-7036-4e35-9d37-65ab70f88df4.sql,3500257
20260218055018,inside_local_range,20260330173000,20260330173000_8b4f4f26-7036-4e35-9d37-65ab70f88df4.sql,3497982
20260218151743,inside_local_range,20260330173000,20260330173000_8b4f4f26-7036-4e35-9d37-65ab70f88df4.sql,3463937
20260218152118,inside_local_range,20260330173000,20260330173000_8b4f4f26-7036-4e35-9d37-65ab70f88df4.sql,3463722
20260218163049,inside_local_range,20260330173000,20260330173000_8b4f4f26-7036-4e35-9d37-65ab70f88df4.sql,3459551
20260218192257,inside_local_range,20260330173000,20260330173000_8b4f4f26-7036-4e35-9d37-65ab70f88df4.sql,3449223
20260219180616,inside_local_range,20260330173000,20260330173000_8b4f4f26-7036-4e35-9d37-65ab70f88df4.sql,3367424
20260219210307,inside_local_range,20260330173000,20260330173000_8b4f4f26-7036-4e35-9d37-65ab70f88df4.sql,3356813
20260219210740,inside_local_range,20260330173000,20260330173000_8b4f4f26-7036-4e35-9d37-65ab70f88df4.sql,3356540
20260219213530,inside_local_range,20260330173000,20260330173000_8b4f4f26-7036-4e35-9d37-65ab70f88df4.sql,3354870
20260219213927,inside_local_range,20260330173000,20260330173000_8b4f4f26-7036-4e35-9d37-65ab70f88df4.sql,3354633
20260219215633,inside_local_range,20260330173000,20260330173000_8b4f4f26-7036-4e35-9d37-65ab70f88df4.sql,3353607
20260219230138,inside_local_range,20260330173000,20260330173000_8b4f4f26-7036-4e35-9d37-65ab70f88df4.sql,3349702
20260219235653,inside_local_range,20260330173000,20260330173000_8b4f4f26-7036-4e35-9d37-65ab70f88df4.sql,3346387
20260220001345,inside_local_range,20260330173000,20260330173000_8b4f4f26-7036-4e35-9d37-65ab70f88df4.sql,3345375
20260220175328,inside_local_range,20260330173000,20260330173000_8b4f4f26-7036-4e35-9d37-65ab70f88df4.sql,3281792
20260221231545,inside_local_range,20260330173000,20260330173000_8b4f4f26-7036-4e35-9d37-65ab70f88df4.sql,3176055
20260221231713,inside_local_range,20260330173000,20260330173000_8b4f4f26-7036-4e35-9d37-65ab70f88df4.sql,3175967
20260223025241,inside_local_range,20260330173000,20260330173000_8b4f4f26-7036-4e35-9d37-65ab70f88df4.sql,3076639
20260223033500,inside_local_range,20260330173000,20260330173000_8b4f4f26-7036-4e35-9d37-65ab70f88df4.sql,3074100
20260227183717,inside_local_range,20260330173000,20260330173000_8b4f4f26-7036-4e35-9d37-65ab70f88df4.sql,2674363
20260227183849,inside_local_range,20260330173000,20260330173000_8b4f4f26-7036-4e35-9d37-65ab70f88df4.sql,2674271
20260227213328,inside_local_range,20260330173000,20260330173000_8b4f4f26-7036-4e35-9d37-65ab70f88df4.sql,2663792
20260227222802,inside_local_range,20260330173000,20260330173000_8b4f4f26-7036-4e35-9d37-65ab70f88df4.sql,2660518
20260228003755,inside_local_range,20260330173000,20260330173000_8b4f4f26-7036-4e35-9d37-65ab70f88df4.sql,2652725
20260228004244,inside_local_range,20260330173000,20260330173000_8b4f4f26-7036-4e35-9d37-65ab70f88df4.sql,2652436
20260228010016,inside_local_range,20260330173000,20260330173000_8b4f4f26-7036-4e35-9d37-65ab70f88df4.sql,2651384
20260228011507,inside_local_range,20260330173000,20260330173000_8b4f4f26-7036-4e35-9d37-65ab70f88df4.sql,2650493
20260228012740,inside_local_range,20260330173000,20260330173000_8b4f4f26-7036-4e35-9d37-65ab70f88df4.sql,2649740
20260228013309,inside_local_range,20260330173000,20260330173000_8b4f4f26-7036-4e35-9d37-65ab70f88df4.sql,2649411
20260309032805,inside_local_range,20260330173000,20260330173000_8b4f4f26-7036-4e35-9d37-65ab70f88df4.sql,1864915
20260309222103,inside_local_range,20260330173000,20260330173000_8b4f4f26-7036-4e35-9d37-65ab70f88df4.sql,1796937
20260310211439,inside_local_range,20260330173000,20260330173000_8b4f4f26-7036-4e35-9d37-65ab70f88df4.sql,1714521
20260310211544,inside_local_range,20260330173000,20260330173000_8b4f4f26-7036-4e35-9d37-65ab70f88df4.sql,1714456
20260310212236,inside_local_range,20260330173000,20260330173000_8b4f4f26-7036-4e35-9d37-65ab70f88df4.sql,1714044
20260315025431,inside_local_range,20260330173000,20260330173000_8b4f4f26-7036-4e35-9d37-65ab70f88df4.sql,1348529
20260315035031,inside_local_range,20260330173000,20260330173000_8b4f4f26-7036-4e35-9d37-65ab70f88df4.sql,1345169
20260316004540,inside_local_range,20260330173000,20260330173000_8b4f4f26-7036-4e35-9d37-65ab70f88df4.sql,1269860
20260316005114,inside_local_range,20260330173000,20260330173000_8b4f4f26-7036-4e35-9d37-65ab70f88df4.sql,1269526
20260316005556,inside_local_range,20260330173000,20260330173000_8b4f4f26-7036-4e35-9d37-65ab70f88df4.sql,1269244
20260316005632,inside_local_range,20260330173000,20260330173000_8b4f4f26-7036-4e35-9d37-65ab70f88df4.sql,1269208
20260316024021,inside_local_range,20260330173000,20260330173000_8b4f4f26-7036-4e35-9d37-65ab70f88df4.sql,1262979
20260316030128,inside_local_range,20260330173000,20260330173000_8b4f4f26-7036-4e35-9d37-65ab70f88df4.sql,1261712
20260316030508,inside_local_range,20260330173000,20260330173000_8b4f4f26-7036-4e35-9d37-65ab70f88df4.sql,1261492
20260316030532,inside_local_range,20260330173000,20260330173000_8b4f4f26-7036-4e35-9d37-65ab70f88df4.sql,1261468
20260316232132,inside_local_range,20260330173000,20260330173000_8b4f4f26-7036-4e35-9d37-65ab70f88df4.sql,1188508
20260317141230,inside_local_range,20260330173000,20260330173000_8b4f4f26-7036-4e35-9d37-65ab70f88df4.sql,1135050
20260317164233,inside_local_range,20260330173000,20260330173000_8b4f4f26-7036-4e35-9d37-65ab70f88df4.sql,1126047
20260317173456,inside_local_range,20260330173000,20260330173000_8b4f4f26-7036-4e35-9d37-65ab70f88df4.sql,1122904
20260317175059,inside_local_range,20260330173000,20260330173000_8b4f4f26-7036-4e35-9d37-65ab70f88df4.sql,1121941
20260317175531,inside_local_range,20260330173000,20260330173000_8b4f4f26-7036-4e35-9d37-65ab70f88df4.sql,1121669
20260317181601,inside_local_range,20260330173000,20260330173000_8b4f4f26-7036-4e35-9d37-65ab70f88df4.sql,1120439
20260317185313,inside_local_range,20260330173000,20260330173000_8b4f4f26-7036-4e35-9d37-65ab70f88df4.sql,1118207
20260317201346,inside_local_range,20260330173000,20260330173000_8b4f4f26-7036-4e35-9d37-65ab70f88df4.sql,1113374
20260317202431,inside_local_range,20260330173000,20260330173000_8b4f4f26-7036-4e35-9d37-65ab70f88df4.sql,1112729
20260317204811,inside_local_range,20260330173000,20260330173000_8b4f4f26-7036-4e35-9d37-65ab70f88df4.sql,1111309
20260317214408,inside_local_range,20260330173000,20260330173000_8b4f4f26-7036-4e35-9d37-65ab70f88df4.sql,1107952
20260317215840,inside_local_range,20260330173000,20260330173000_8b4f4f26-7036-4e35-9d37-65ab70f88df4.sql,1107080
20260317220224,inside_local_range,20260330173000,20260330173000_8b4f4f26-7036-4e35-9d37-65ab70f88df4.sql,1106856
20260317221203,inside_local_range,20260330173000,20260330173000_8b4f4f26-7036-4e35-9d37-65ab70f88df4.sql,1106277
20260317221222,inside_local_range,20260330173000,20260330173000_8b4f4f26-7036-4e35-9d37-65ab70f88df4.sql,1106258
20260317223742,inside_local_range,20260330173000,20260330173000_8b4f4f26-7036-4e35-9d37-65ab70f88df4.sql,1104738
20260317224951,inside_local_range,20260330173000,20260330173000_8b4f4f26-7036-4e35-9d37-65ab70f88df4.sql,1104009
20260318022813,inside_local_range,20260330173000,20260330173000_8b4f4f26-7036-4e35-9d37-65ab70f88df4.sql,1090907
20260319003808,inside_local_range,20260330173000,20260330173000_8b4f4f26-7036-4e35-9d37-65ab70f88df4.sql,1011112
20260319182506,inside_local_range,20260330173000,20260330173000_8b4f4f26-7036-4e35-9d37-65ab70f88df4.sql,947094
20260319182825,inside_local_range,20260330173000,20260330173000_8b4f4f26-7036-4e35-9d37-65ab70f88df4.sql,946895
20260324214147,inside_local_range,20260330173000,20260330173000_8b4f4f26-7036-4e35-9d37-65ab70f88df4.sql,503293
20260325013508,inside_local_range,20260330173000,20260330173000_8b4f4f26-7036-4e35-9d37-65ab70f88df4.sql,489292
20260325021333,inside_local_range,20260330173000,20260330173000_8b4f4f26-7036-4e35-9d37-65ab70f88df4.sql,486987
20260325023445,inside_local_range,20260330173000,20260330173000_8b4f4f26-7036-4e35-9d37-65ab70f88df4.sql,485715
20260325040109,inside_local_range,20260330173000,20260330173000_8b4f4f26-7036-4e35-9d37-65ab70f88df4.sql,480531
20260325154617,inside_local_range,20260330173000,20260330173000_8b4f4f26-7036-4e35-9d37-65ab70f88df4.sql,438223
20260325155437,inside_local_range,20260330173000,20260330173000_8b4f4f26-7036-4e35-9d37-65ab70f88df4.sql,437723
20260325160649,inside_local_range,20260330173000,20260330173000_8b4f4f26-7036-4e35-9d37-65ab70f88df4.sql,436991
20260331233241,inside_local_range,20260330173000,20260330173000_8b4f4f26-7036-4e35-9d37-65ab70f88df4.sql,108161
20260331234231,inside_local_range,20260330173000,20260330173000_8b4f4f26-7036-4e35-9d37-65ab70f88df4.sql,108751
20260401012848,inside_local_range,20260330173000,20260330173000_8b4f4f26-7036-4e35-9d37-65ab70f88df4.sql,115128
20260401013820,inside_local_range,20260330173000,20260330173000_8b4f4f26-7036-4e35-9d37-65ab70f88df4.sql,115700
20260401014023,inside_local_range,20260330173000,20260330173000_8b4f4f26-7036-4e35-9d37-65ab70f88df4.sql,115823
20260401014051,inside_local_range,20260330173000,20260330173000_8b4f4f26-7036-4e35-9d37-65ab70f88df4.sql,115851
20260427213207,inside_local_range,20260429200000,20260429200000_seed_koh_sdach_resort.sql,167273
20260427213253,inside_local_range,20260429200000,20260429200000_seed_koh_sdach_resort.sql,167227
20260502155838,inside_local_range,20260502140000,20260502140000_daily_coin_reward.sql,7118
20260502160328,inside_local_range,20260502140000,20260502140000_daily_coin_reward.sql,7408
20260502160405,inside_local_range,20260502140000,20260502140000_daily_coin_reward.sql,7445
20260502183651,inside_local_range,20260502140000,20260502140000_daily_coin_reward.sql,16611
20260502184505,inside_local_range,20260502140000,20260502140000_daily_coin_reward.sql,17105
20260502184825,inside_local_range,20260502140000,20260502140000_daily_coin_reward.sql,17305
20260502185332,inside_local_range,20260502140000,20260502140000_daily_coin_reward.sql,17612
20260502185849,inside_local_range,20260502140000,20260502140000_daily_coin_reward.sql,17929
20260502190932,inside_local_range,20260502140000,20260502140000_daily_coin_reward.sql,18572
20260502190956,inside_local_range,20260502140000,20260502140000_daily_coin_reward.sql,18596
20260503181805,inside_local_range,20260503181000,20260503181000_post_comments_post_id_to_text.sql,485
20260503182150,inside_local_range,20260503181000,20260503181000_post_comments_post_id_to_text.sql,710
20260503184902,inside_local_range,20260503181000,20260503181000_post_comments_post_id_to_text.sql,2342
20260503195708,inside_local_range,20260503181000,20260503181000_post_comments_post_id_to_text.sql,6428
20260503200659,inside_local_range,20260503181000,20260503181000_post_comments_post_id_to_text.sql,7019
20260503202150,inside_local_range,20260503181000,20260503181000_post_comments_post_id_to_text.sql,7910
20260503203717,inside_local_range,20260503181000,20260503181000_post_comments_post_id_to_text.sql,8837
20260504011312,inside_local_range,20260503181000,20260503181000_post_comments_post_id_to_text.sql,25392
20260504012930,inside_local_range,20260503181000,20260503181000_post_comments_post_id_to_text.sql,26370
20260504014036,inside_local_range,20260503181000,20260503181000_post_comments_post_id_to_text.sql,27036
20260504020538,inside_local_range,20260503181000,20260503181000_post_comments_post_id_to_text.sql,28538
20260504021806,inside_local_range,20260503181000,20260503181000_post_comments_post_id_to_text.sql,29286
20260504035141,inside_local_range,20260503181000,20260503181000_post_comments_post_id_to_text.sql,34901
20260504035427,inside_local_range,20260503181000,20260503181000_post_comments_post_id_to_text.sql,35067
20260504035857,inside_local_range,20260503181000,20260503181000_post_comments_post_id_to_text.sql,35337
20260504045922,inside_local_range,20260503181000,20260503181000_post_comments_post_id_to_text.sql,38962
20260504050450,inside_local_range,20260503181000,20260503181000_post_comments_post_id_to_text.sql,39290
20260504050927,inside_local_range,20260503181000,20260503181000_post_comments_post_id_to_text.sql,39567
20260504134953,inside_local_range,20260503181000,20260503181000_post_comments_post_id_to_text.sql,70793
20260504135603,inside_local_range,20260503181000,20260503181000_post_comments_post_id_to_text.sql,71163
20260504135851,inside_local_range,20260503181000,20260503181000_post_comments_post_id_to_text.sql,71331
20260504143330,inside_local_range,20260503181000,20260503181000_post_comments_post_id_to_text.sql,73410
20260505032912,inside_local_range,20260505184000,20260505184000_review_and_rating_system.sql,54648
20260505195440,inside_local_range,20260505210000,20260505210000_super_app_mega_features.sql,3920
20260505195526,inside_local_range,20260505210000,20260505210000_super_app_mega_features.sql,3874
20260505195536,inside_local_range,20260505210000,20260505210000_super_app_mega_features.sql,3864
20260505195551,inside_local_range,20260505210000,20260505210000_super_app_mega_features.sql,3849
20260505195602,inside_local_range,20260505210000,20260505210000_super_app_mega_features.sql,3838
20260505195806,inside_local_range,20260505210000,20260505210000_super_app_mega_features.sql,3714
20260505203426,inside_local_range,20260505210000,20260505210000_super_app_mega_features.sql,1534
20260505205438,inside_local_range,20260505210000,20260505210000_super_app_mega_features.sql,322
20260506033446,inside_local_range,20260505210000,20260505210000_super_app_mega_features.sql,23686
20260506035139,inside_local_range,20260505210000,20260505210000_super_app_mega_features.sql,24699
20260506035930,inside_local_range,20260505210000,20260505210000_super_app_mega_features.sql,25170
20260506040108,inside_local_range,20260505210000,20260505210000_super_app_mega_features.sql,25268
20260506040638,inside_local_range,20260505210000,20260505210000_super_app_mega_features.sql,25598
20260506041644,inside_local_range,20260505210000,20260505210000_super_app_mega_features.sql,26204
20260506041645,inside_local_range,20260505210000,20260505210000_super_app_mega_features.sql,26205
20260506042121,inside_local_range,20260505210000,20260505210000_super_app_mega_features.sql,26481
20260506042219,inside_local_range,20260505210000,20260505210000_super_app_mega_features.sql,26539
20260506042518,inside_local_range,20260505210000,20260505210000_super_app_mega_features.sql,26718
20260506042638,inside_local_range,20260505210000,20260505210000_super_app_mega_features.sql,26798
20260506043014,inside_local_range,20260505210000,20260505210000_super_app_mega_features.sql,27014
20260506043235,inside_local_range,20260505210000,20260505210000_super_app_mega_features.sql,27155
20260506043857,inside_local_range,20260505210000,20260505210000_super_app_mega_features.sql,27537
20260506043959,inside_local_range,20260505210000,20260505210000_super_app_mega_features.sql,27599
20260506044053,inside_local_range,20260505210000,20260505210000_super_app_mega_features.sql,27653
20260506044113,inside_local_range,20260505210000,20260505210000_super_app_mega_features.sql,27673
20260506044343,inside_local_range,20260505210000,20260505210000_super_app_mega_features.sql,27823
20260506044522,inside_local_range,20260505210000,20260505210000_super_app_mega_features.sql,27922
20260506044702,inside_local_range,20260505210000,20260505210000_super_app_mega_features.sql,28022
20260506045015,inside_local_range,20260505210000,20260505210000_super_app_mega_features.sql,28215
20260506045118,inside_local_range,20260505210000,20260505210000_super_app_mega_features.sql,28278
20260506045212,inside_local_range,20260505210000,20260505210000_super_app_mega_features.sql,28332
20260506045249,inside_local_range,20260505210000,20260505210000_super_app_mega_features.sql,28369
20260506144721,inside_local_range,20260505210000,20260505210000_super_app_mega_features.sql,64041
20260506145004,inside_local_range,20260505210000,20260505210000_super_app_mega_features.sql,64204
20260506145505,inside_local_range,20260505210000,20260505210000_super_app_mega_features.sql,64505
20260506145851,inside_local_range,20260505210000,20260505210000_super_app_mega_features.sql,64731
20260506150129,inside_local_range,20260505210000,20260505210000_super_app_mega_features.sql,64889
20260506150130,inside_local_range,20260505210000,20260505210000_super_app_mega_features.sql,64890
20260506150400,inside_local_range,20260505210000,20260505210000_super_app_mega_features.sql,65040
20260506150446,inside_local_range,20260505210000,20260505210000_super_app_mega_features.sql,65086
20260506150513,inside_local_range,20260505210000,20260505210000_super_app_mega_features.sql,65113
20260506150625,inside_local_range,20260505210000,20260505210000_super_app_mega_features.sql,65185
20260506150938,inside_local_range,20260505210000,20260505210000_super_app_mega_features.sql,65378
20260506151356,inside_local_range,20260505210000,20260505210000_super_app_mega_features.sql,65636
20260506151445,inside_local_range,20260505210000,20260505210000_super_app_mega_features.sql,65685
20260506151810,inside_local_range,20260505210000,20260505210000_super_app_mega_features.sql,65890
20260506151853,inside_local_range,20260505210000,20260505210000_super_app_mega_features.sql,65933
20260506152415,inside_local_range,20260505210000,20260505210000_super_app_mega_features.sql,66255
20260506153448,inside_local_range,20260505210000,20260505210000_super_app_mega_features.sql,66888
20260506153726,inside_local_range,20260505210000,20260505210000_super_app_mega_features.sql,67046
20260506153747,inside_local_range,20260505210000,20260505210000_super_app_mega_features.sql,67067
20260506195030,inside_local_range,20260505210000,20260505210000_super_app_mega_features.sql,82230
20260506195107,inside_local_range,20260505210000,20260505210000_super_app_mega_features.sql,82267
20260507020649,inside_local_range,20260507200000,20260507200000_of_creator_discovery_filter.sql,64391
20260507022128,inside_local_range,20260507200000,20260507200000_of_creator_discovery_filter.sql,63512
20260507022933,inside_local_range,20260507200000,20260507200000_of_creator_discovery_filter.sql,63027
20260507023106,inside_local_range,20260507200000,20260507200000_of_creator_discovery_filter.sql,62934
20260507025329,inside_local_range,20260507200000,20260507200000_of_creator_discovery_filter.sql,61591
20260507154942,inside_local_range,20260507200000,20260507200000_of_creator_discovery_filter.sql,15018
20260509043747,inside_local_range,20260509120000,20260509120000_unified_notifications.sql,26533
20260509044100,inside_local_range,20260509120000,20260509120000_unified_notifications.sql,26340
20260509044112,inside_local_range,20260509120000,20260509120000_unified_notifications.sql,26328
20260509044545,inside_local_range,20260509120000,20260509120000_unified_notifications.sql,26055
20260509133436,inside_local_range,20260509140000,20260509140000_provider_side_notifications.sql,1524
20260509133735,inside_local_range,20260509140000,20260509140000_provider_side_notifications.sql,1345
20260509134125,inside_local_range,20260509140000,20260509140000_provider_side_notifications.sql,1115
20260509135453,inside_local_range,20260509140000,20260509140000_provider_side_notifications.sql,307
20260509135554,inside_local_range,20260509140000,20260509140000_provider_side_notifications.sql,246
20260509140217,inside_local_range,20260509140000,20260509140000_provider_side_notifications.sql,137
20260509140255,inside_local_range,20260509140000,20260509140000_provider_side_notifications.sql,175
20260509140818,inside_local_range,20260509140000,20260509140000_provider_side_notifications.sql,498
20260509141258,inside_local_range,20260509140000,20260509140000_provider_side_notifications.sql,778
20260509141354,inside_local_range,20260509140000,20260509140000_provider_side_notifications.sql,834
20260509142329,inside_local_range,20260509140000,20260509140000_provider_side_notifications.sql,1409
20260509160912,inside_local_range,20260509160000,20260509160000_hotel_detail_rpc.sql,552
20260509161251,inside_local_range,20260509160000,20260509160000_hotel_detail_rpc.sql,771
20260509161756,inside_local_range,20260509160000,20260509160000_hotel_detail_rpc.sql,1076
20260509161811,inside_local_range,20260509160000,20260509160000_hotel_detail_rpc.sql,1091
20260509161924,inside_local_range,20260509160000,20260509160000_hotel_detail_rpc.sql,1164
20260509162318,inside_local_range,20260509160000,20260509160000_hotel_detail_rpc.sql,1398
20260509162614,inside_local_range,20260509160000,20260509160000_hotel_detail_rpc.sql,1574
20260509162654,inside_local_range,20260509160000,20260509160000_hotel_detail_rpc.sql,1614
20260509163101,inside_local_range,20260509170000,20260509170000_live_and_payout_notifications.sql,1739
20260509163149,inside_local_range,20260509170000,20260509170000_live_and_payout_notifications.sql,1691
20260509163208,inside_local_range,20260509170000,20260509170000_live_and_payout_notifications.sql,1672
20260509163554,inside_local_range,20260509170000,20260509170000_live_and_payout_notifications.sql,1446
20260509164100,inside_local_range,20260509170000,20260509170000_live_and_payout_notifications.sql,1140
20260509164224,inside_local_range,20260509170000,20260509170000_live_and_payout_notifications.sql,1056
20260509164317,inside_local_range,20260509170000,20260509170000_live_and_payout_notifications.sql,1003
20260509164817,inside_local_range,20260509170000,20260509170000_live_and_payout_notifications.sql,703
20260509165025,inside_local_range,20260509170000,20260509170000_live_and_payout_notifications.sql,575
20260509165400,inside_local_range,20260509170000,20260509170000_live_and_payout_notifications.sql,360
20260509165402,inside_local_range,20260509170000,20260509170000_live_and_payout_notifications.sql,358
20260509165555,inside_local_range,20260509170000,20260509170000_live_and_payout_notifications.sql,245
20260509165658,inside_local_range,20260509170000,20260509170000_live_and_payout_notifications.sql,182
20260509165832,inside_local_range,20260509170000,20260509170000_live_and_payout_notifications.sql,88
20260509170356,inside_local_range,20260509170000,20260509170000_live_and_payout_notifications.sql,236
20260509170952,inside_local_range,20260509170000,20260509170000_live_and_payout_notifications.sql,592
20260509171639,inside_local_range,20260509170000,20260509170000_live_and_payout_notifications.sql,999
20260510004105,inside_local_range,20260509230000,20260509230000_make_like_trigger_nonfatal.sql,6065
20260510004307,inside_local_range,20260509230000,20260509230000_make_like_trigger_nonfatal.sql,6187
20260510004632,inside_local_range,20260509230000,20260509230000_make_like_trigger_nonfatal.sql,6392
20260510005049,inside_local_range,20260509230000,20260509230000_make_like_trigger_nonfatal.sql,6649
20260510012627,inside_local_range,20260509230000,20260509230000_make_like_trigger_nonfatal.sql,8787
20260510013438,inside_local_range,20260509230000,20260509230000_make_like_trigger_nonfatal.sql,9278
20260511035539,inside_local_range,20260509230000,20260509230000_make_like_trigger_nonfatal.sql,104139
20260511035618,inside_local_range,20260509230000,20260509230000_make_like_trigger_nonfatal.sql,104178
20260511035716,inside_local_range,20260509230000,20260509230000_make_like_trigger_nonfatal.sql,104236
20260511040634,inside_local_range,20260509230000,20260509230000_make_like_trigger_nonfatal.sql,104794
20260511043736,inside_local_range,20260509230000,20260509230000_make_like_trigger_nonfatal.sql,106656
20260517150928,inside_local_range,20260516120000,20260516120000_api_performance_indexes_access_rpc.sql,97768
20260517151519,inside_local_range,20260516120000,20260516120000_api_performance_indexes_access_rpc.sql,98119
20260518181909,inside_local_range,20260518204722,20260518204722_drop_duplicate_performance_indexes.sql,8893
20260518182854,inside_local_range,20260518204722,20260518204722_drop_duplicate_performance_indexes.sql,8308
20260518182911,inside_local_range,20260518204722,20260518204722_drop_duplicate_performance_indexes.sql,8291
20260518192010,inside_local_range,20260518204722,20260518204722_drop_duplicate_performance_indexes.sql,5232
20260518192128,inside_local_range,20260518204722,20260518204722_drop_duplicate_performance_indexes.sql,5154
20260518193855,inside_local_range,20260518204722,20260518204722_drop_duplicate_performance_indexes.sql,4107
20260518193942,inside_local_range,20260518204722,20260518204722_drop_duplicate_performance_indexes.sql,4060
20260520005510,inside_local_range,20260520211411,20260520211411_fix_p2p_notify_public_profiles_name.sql,73141
20260520010038,inside_local_range,20260520211411,20260520211411_fix_p2p_notify_public_profiles_name.sql,72813
20260520010053,inside_local_range,20260520211411,20260520211411_fix_p2p_notify_public_profiles_name.sql,72798
20260520010551,inside_local_range,20260520211411,20260520211411_fix_p2p_notify_public_profiles_name.sql,72500
20260520011109,inside_local_range,20260520211411,20260520211411_fix_p2p_notify_public_profiles_name.sql,72182
20260520011315,inside_local_range,20260520211411,20260520211411_fix_p2p_notify_public_profiles_name.sql,72056
20260520011425,inside_local_range,20260520211411,20260520211411_fix_p2p_notify_public_profiles_name.sql,71986
20260520012533,inside_local_range,20260520211411,20260520211411_fix_p2p_notify_public_profiles_name.sql,71318
20260520015831,inside_local_range,20260520211411,20260520211411_fix_p2p_notify_public_profiles_name.sql,69340
20260520015936,inside_local_range,20260520211411,20260520211411_fix_p2p_notify_public_profiles_name.sql,69275
20260522201824,inside_local_range,20260522012300,20260522012300_database_security_forward_hardening.sql,68124
20260522214458,inside_local_range,20260522012300,20260522012300_database_security_forward_hardening.sql,73318
20260524154446,inside_local_range,20260524160000,20260524160000_salon_gift_cards.sql,914
20260524155028,inside_local_range,20260524160000,20260524160000_salon_gift_cards.sql,572
20260524180134,inside_local_range,20260524190000,20260524190000_salon_public_stylist_and_review_rpcs.sql,3506
20260524181843,inside_local_range,20260524190000,20260524190000_salon_public_stylist_and_review_rpcs.sql,2477
20260524185239,inside_local_range,20260524190000,20260524190000_salon_public_stylist_and_review_rpcs.sql,441
20260524201435,inside_local_range,20260524210000,20260524210000_salon_booking_addons_and_commission_payouts.sql,2725
20260524201630,inside_local_range,20260524210000,20260524210000_salon_booking_addons_and_commission_payouts.sql,2610
20260524202118,inside_local_range,20260524210000,20260524210000_salon_booking_addons_and_commission_payouts.sql,2322
20260524202437,inside_local_range,20260524210000,20260524210000_salon_booking_addons_and_commission_payouts.sql,2123
20260524202926,inside_local_range,20260524210000,20260524210000_salon_booking_addons_and_commission_payouts.sql,1834
20260524211303,inside_local_range,20260524210000,20260524210000_salon_booking_addons_and_commission_payouts.sql,783
20260524212319,inside_local_range,20260524210000,20260524210000_salon_booking_addons_and_commission_payouts.sql,1399
20260524214026,inside_local_range,20260524220000,20260524220000_salon_bookings_realtime_publication.sql,1174
20260524214838,inside_local_range,20260524220000,20260524220000_salon_bookings_realtime_publication.sql,682
20260524215609,inside_local_range,20260524220000,20260524220000_salon_bookings_realtime_publication.sql,231
20260524220414,inside_local_range,20260524220000,20260524220000_salon_bookings_realtime_publication.sql,254
20260524221237,inside_local_range,20260524220000,20260524220000_salon_bookings_realtime_publication.sql,757
20260524223401,inside_local_range,20260524230000,20260524230000_salon_booking_addons_rollup.sql,1559
20260524224432,inside_local_range,20260524230000,20260524230000_salon_booking_addons_rollup.sql,928
20260524225402,inside_local_range,20260524230000,20260524230000_salon_booking_addons_rollup.sql,358
20260524230944,inside_local_range,20260524230000,20260524230000_salon_booking_addons_rollup.sql,584
20260524231944,inside_local_range,20260524230000,20260524230000_salon_booking_addons_rollup.sql,1184
20260524233813,inside_local_range,20260524240000,20260524240000_salon_loyalty_includes_addons.sql,1307
20260524235157,inside_local_range,20260524240000,20260524240000_salon_loyalty_includes_addons.sql,483
20260525000150,inside_local_range,20260524240000,20260524240000_salon_loyalty_includes_addons.sql,110
20260525003458,inside_local_range,20260524250000,20260524250000_salon_public_get_booking_with_addons.sql,1502
20260525004821,inside_local_range,20260524250000,20260524250000_salon_public_get_booking_with_addons.sql,699
20260525035023,inside_local_range,20260524280000,20260524280000_salon_completion_sync_restore_retail.sql,577
20260525040220,inside_local_range,20260524280000,20260524280000_salon_completion_sync_restore_retail.sql,140
20260525051016,inside_local_range,20260524290000,20260524290000_salon_no_show_count_sync.sql,616
20260525052910,inside_local_range,20260524290000,20260524290000_salon_no_show_count_sync.sql,1750
20260525054947,inside_local_range,20260524300000,20260524300000_salon_clients_tags_and_no_show_count.sql,613
20260525063433,inside_local_range,20260524310000,20260524310000_salon_clients_tags_limits.sql,1527
20260525123347,inside_local_range,20260524370000,20260524370000_salon_customer_portal.sql,1573
20260525123806,inside_local_range,20260524370000,20260524370000_salon_customer_portal.sql,1314
20260525124712,inside_local_range,20260524370000,20260524370000_salon_customer_portal.sql,768
20260525125730,inside_local_range,20260524370000,20260524370000_salon_customer_portal.sql,150
20260525132350,inside_local_range,20260525130001,20260525130001_cafe_promotions.sql,1429
20260525135138,inside_local_range,20260524380000,20260524380000_salon_reminders_followup.sql,502
20260525141450,inside_local_range,20260524380000,20260524380000_salon_reminders_followup.sql,890
20260525150723,inside_local_range,20260524390000,20260524390000_salon_campaigns.sql,443
20260525150808,inside_local_range,20260524390000,20260524390000_salon_campaigns.sql,488
20260525150843,inside_local_range,20260524390000,20260524390000_salon_campaigns.sql,523
20260525150913,inside_local_range,20260524390000,20260524390000_salon_campaigns.sql,553
20260525150956,inside_local_range,20260524390000,20260524390000_salon_campaigns.sql,596
20260525151032,inside_local_range,20260524390000,20260524390000_salon_campaigns.sql,632
20260525151111,inside_local_range,20260524390000,20260524390000_salon_campaigns.sql,671
20260525151142,inside_local_range,20260524390000,20260524390000_salon_campaigns.sql,702
20260525152420,inside_local_range,20260524390000,20260524390000_salon_campaigns.sql,1460
20260525152440,inside_local_range,20260524390000,20260524390000_salon_campaigns.sql,1480
20260525153507,inside_local_range,20260524400000,20260524400000_salon_stripe_deposits.sql,1493
20260525153532,inside_local_range,20260524400000,20260524400000_salon_stripe_deposits.sql,1468
20260525153557,inside_local_range,20260524400000,20260524400000_salon_stripe_deposits.sql,1443
20260525153618,inside_local_range,20260524400000,20260524400000_salon_stripe_deposits.sql,1422
20260525154539,inside_local_range,20260524400000,20260524400000_salon_stripe_deposits.sql,861
20260525154556,inside_local_range,20260524400000,20260524400000_salon_stripe_deposits.sql,844
20260525154622,inside_local_range,20260524400000,20260524400000_salon_stripe_deposits.sql,818
20260525155821,inside_local_range,20260524400000,20260524400000_salon_stripe_deposits.sql,99
20260525155911,inside_local_range,20260524400000,20260524400000_salon_stripe_deposits.sql,49
20260525160020,inside_local_range,20260524400000,20260524400000_salon_stripe_deposits.sql,20
20260525160724,inside_local_range,20260524400000,20260524400000_salon_stripe_deposits.sql,444
20260525162512,inside_local_range,20260524400000,20260524400000_salon_stripe_deposits.sql,1512
20260525163405,inside_local_range,20260524410000,20260524410000_salon_public_booking_returns_refunded_cents.sql,1555
20260525164140,inside_local_range,20260524410000,20260524410000_salon_public_booking_returns_refunded_cents.sql,1100
20260525165205,inside_local_range,20260524410000,20260524410000_salon_public_booking_returns_refunded_cents.sql,475
20260525165736,inside_local_range,20260524410000,20260524410000_salon_public_booking_returns_refunded_cents.sql,144
20260525170346,inside_local_range,20260524410000,20260524410000_salon_public_booking_returns_refunded_cents.sql,226
20260525170755,inside_local_range,20260524410000,20260524410000_salon_public_booking_returns_refunded_cents.sql,475
20260525173441,inside_local_range,20260524420000,20260524420000_salon_no_show_fees.sql,1519
20260525180302,inside_local_range,20260524420000,20260524420000_salon_no_show_fees.sql,182
20260525180902,inside_local_range,20260524420000,20260524420000_salon_no_show_fees.sql,542
20260525182126,inside_local_range,20260525183303,20260525183303_ride_bakong_payment_idempotency.sql,697
20260525182637,inside_local_range,20260525183303,20260525183303_ride_bakong_payment_idempotency.sql,386
20260525183122,inside_local_range,20260525183303,20260525183303_ride_bakong_payment_idempotency.sql,101
20260525183454,inside_local_range,20260525183303,20260525183303_ride_bakong_payment_idempotency.sql,111
20260525184348,inside_local_range,20260525185220,20260525185220_ride_request_lifecycle_columns.sql,512
20260525184725,inside_local_range,20260525185220,20260525185220_ride_request_lifecycle_columns.sql,295
20260525185446,inside_local_range,20260525185220,20260525185220_ride_request_lifecycle_columns.sql,146
20260525185640,inside_local_range,20260525190000,20260525190000_cafe_loyalty.sql,200
20260525191158,inside_local_range,20260525191033,20260525191033_driver_earnings_ride_requests.sql,85
20260525191513,inside_local_range,20260525191033,20260525191033_driver_earnings_ride_requests.sql,280
20260525191924,inside_local_range,20260525192409,20260525192409_admin_driver_payout_methods.sql,285
20260525193452,inside_local_range,20260525192409,20260525192409_admin_driver_payout_methods.sql,643
20260525195746,inside_local_range,20260525200000,20260525200000_cafe_shifts.sql,134
20260525200229,inside_local_range,20260525200000,20260525200000_cafe_shifts.sql,149
20260525200335,inside_local_range,20260525200000,20260525200000_cafe_shifts.sql,215
20260525200603,inside_local_range,20260525200000,20260525200000_cafe_shifts.sql,363
20260525201128,inside_local_range,20260525200000,20260525200000_cafe_shifts.sql,688
20260525204039,inside_local_range,20260525210000,20260525210000_cafe_order_completion_hooks.sql,1161
20260526014511,inside_local_range,20260525260000,20260525260000_cafe_public_order_status_eta.sql,889
20260526135830,inside_local_range,20260526145114,20260526145114_feed_preferences.sql,3164
20260526141658,inside_local_range,20260526145114,20260526145114_feed_preferences.sql,2056
20260526141938,inside_local_range,20260526145114,20260526145114_feed_preferences.sql,1896
20260526142415,inside_local_range,20260526145114,20260526145114_feed_preferences.sql,1619
20260526143946,inside_local_range,20260526145114,20260526145114_feed_preferences.sql,688
20260526144015,inside_local_range,20260526145114,20260526145114_feed_preferences.sql,659
20260526144030,inside_local_range,20260526145114,20260526145114_feed_preferences.sql,644
20260526144139,inside_local_range,20260526145114,20260526145114_feed_preferences.sql,575
20260526144153,inside_local_range,20260526145114,20260526145114_feed_preferences.sql,561
20260526144238,inside_local_range,20260526145114,20260526145114_feed_preferences.sql,516
20260526145243,inside_local_range,20260526145114,20260526145114_feed_preferences.sql,89
20260526145834,inside_local_range,20260526145114,20260526145114_feed_preferences.sql,440
20260526152540,inside_local_range,20260525400001,20260525400001_car_rental_initial.sql,2061
20260526152552,inside_local_range,20260525400001,20260525400001_car_rental_initial.sql,2049
20260526153048,inside_local_range,20260525400001,20260525400001_car_rental_initial.sql,1753
20260526155139,inside_local_range,20260525400001,20260525400001_car_rental_initial.sql,502
20260526160644,inside_local_range,20260525400001,20260525400001_car_rental_initial.sql,403
20260526160754,inside_local_range,20260525400001,20260525400001_car_rental_initial.sql,473
20260526162935,inside_local_range,20260526165000,20260526165000_sensitive_media_controls.sql,1225
20260526163105,inside_local_range,20260526165000,20260526165000_sensitive_media_controls.sql,1135
20260526163110,inside_local_range,20260526165000,20260526165000_sensitive_media_controls.sql,1130
20260526163617,inside_local_range,20260526165000,20260526165000_sensitive_media_controls.sql,823
20260526164439,inside_local_range,20260526165000,20260526165000_sensitive_media_controls.sql,321
20260526164714,inside_local_range,20260526165000,20260526165000_sensitive_media_controls.sql,166
20260526165516,inside_local_range,20260525410000,20260525410000_cafe_till_drops.sql,284
20260526170338,inside_local_range,20260525410001,20260525410001_car_rental_expenses_maintenance.sql,217
20260526171028,inside_local_range,20260525410001,20260525410001_car_rental_expenses_maintenance.sql,627
20260526171046,inside_local_range,20260525410001,20260525410001_car_rental_expenses_maintenance.sql,645
20260526171418,inside_local_range,20260525410001,20260525410001_car_rental_expenses_maintenance.sql,857
20260526171829,inside_local_range,20260525410001,20260525410001_car_rental_expenses_maintenance.sql,1108
20260526172611,inside_local_range,20260525410001,20260525410001_car_rental_expenses_maintenance.sql,1570
20260526172625,inside_local_range,20260525410001,20260525410001_car_rental_expenses_maintenance.sql,1584
20260526172652,inside_local_range,20260525410001,20260525410001_car_rental_expenses_maintenance.sql,1611
20260526172904,inside_local_range,20260525410001,20260525410001_car_rental_expenses_maintenance.sql,1743
20260526173506,inside_local_range,20260525420001,20260525420001_car_rental_reviews_promotions.sql,1495
20260527032213,inside_local_range,20260525510001,20260525510001_car_dealership_promotions.sql,1332
20260527033707,inside_local_range,20260525520000,20260525520000_cafe_rpc_happy_hour.sql,1373
20260527034640,inside_local_range,20260525520000,20260525520000_cafe_rpc_happy_hour.sql,800
20260527035523,inside_local_range,20260525520000,20260525520000_cafe_rpc_happy_hour.sql,277
20260527040148,inside_local_range,20260525520001,20260525520001_car_dealership_customer_interactions.sql,107
20260527041250,inside_local_range,20260525520001,20260525520001_car_dealership_customer_interactions.sql,769
20260527041443,inside_local_range,20260525520001,20260525520001_car_dealership_customer_interactions.sql,882
20260527041644,inside_local_range,20260525520001,20260525520001_car_dealership_customer_interactions.sql,1003
20260527043047,inside_local_range,20260525530000,20260525530000_cafe_bundles.sql,1753
20260527043128,inside_local_range,20260525530000,20260525530000_cafe_bundles.sql,1712
20260527043800,inside_local_range,20260525530000,20260525530000_cafe_bundles.sql,1320
20260527044012,inside_local_range,20260525530000,20260525530000_cafe_bundles.sql,1188
20260527044125,inside_local_range,20260525530000,20260525530000_cafe_bundles.sql,1115
20260527044221,inside_local_range,20260525530000,20260525530000_cafe_bundles.sql,1059
20260527134705,inside_local_range,20260527141000,20260527141000_ar_job_photos.sql,1375
20260527134816,inside_local_range,20260527141000,20260527141000_ar_job_photos.sql,1304
20260527135423,inside_local_range,20260527141000,20260527141000_ar_job_photos.sql,937
20260527140740,inside_local_range,20260527141000,20260527141000_ar_job_photos.sql,140
20260527142253,inside_local_range,20260527143000,20260527143000_store_promotions_reviews_messages.sql,427
20260527143352,inside_local_range,20260527143000,20260527143000_store_promotions_reviews_messages.sql,232
20260527143855,inside_local_range,20260527143000,20260527143000_store_promotions_reviews_messages.sql,535
20260527145237,inside_local_range,20260527145444,20260527145444_group_paid_media_bundles.sql,127
20260527145802,inside_local_range,20260527150000,20260527150000_ar_estimates_discount_cents.sql,118
20260527150019,inside_local_range,20260527150000,20260527150000_ar_estimates_discount_cents.sql,19
20260527150619,inside_local_range,20260527151000,20260527151000_ar_invoices_estimates_backfill_subtotals.sql,221
20260527150624,inside_local_range,20260527151000,20260527151000_ar_invoices_estimates_backfill_subtotals.sql,216
20260527150625,inside_local_range,20260527151000,20260527151000_ar_invoices_estimates_backfill_subtotals.sql,215
20260527154240,inside_local_range,20260527152000,20260527152000_ar_estimates_tax_rate_and_expire_cron.sql,1360
20260527154335,inside_local_range,20260527152000,20260527152000_ar_estimates_tax_rate_and_expire_cron.sql,1415
20260527161806,inside_local_range,20260527161700,20260527161700_fix_group_paid_album_storage_policy.sql,66
20260527163502,inside_local_range,20260527163358,20260527163358_restore_chat_media_storage_policy.sql,64
20260527164427,inside_local_range,20260527164312,20260527164312_fix_zivo_service_photo_storage_recursion.sql,75
20260527185941,inside_local_range,20260527164312,20260527164312_fix_zivo_service_photo_storage_recursion.sql,8189
20260527190022,inside_local_range,20260527164312,20260527164312_fix_zivo_service_photo_storage_recursion.sql,8230
20260527191959,inside_local_range,20260527164312,20260527164312_fix_zivo_service_photo_storage_recursion.sql,9407
20260527192357,inside_local_range,20260527164312,20260527164312_fix_zivo_service_photo_storage_recursion.sql,9645
20260527194315,inside_local_range,20260527164312,20260527164312_fix_zivo_service_photo_storage_recursion.sql,10803
20260529154017,inside_local_range,20260529160000,20260529160000_autorepair_parts_catalog_columns.sql,1183
20260529161743,inside_local_range,20260529160000,20260529160000_autorepair_parts_catalog_columns.sql,1063
20260529162051,inside_local_range,20260529160000,20260529160000_autorepair_parts_catalog_columns.sql,1251
20260529162558,inside_local_range,20260529160000,20260529160000_autorepair_parts_catalog_columns.sql,1558
20260529172049,inside_local_range,20260529171000,20260529171000_car_rental_sanitize_reservation_rpc.sql,649
20260529174216,inside_local_range,20260529171000,20260529171000_car_rental_sanitize_reservation_rpc.sql,1936
20260529183403,inside_local_range,20260529171000,20260529171000_car_rental_sanitize_reservation_rpc.sql,5043
20260529185029,inside_local_range,20260529171000,20260529171000_car_rental_sanitize_reservation_rpc.sql,6029
20260529185228,inside_local_range,20260529171000,20260529171000_car_rental_sanitize_reservation_rpc.sql,6148
20260529185324,inside_local_range,20260529171000,20260529171000_car_rental_sanitize_reservation_rpc.sql,6204
20260529185935,inside_local_range,20260529171000,20260529171000_car_rental_sanitize_reservation_rpc.sql,6575
20260530161608,inside_local_range,20260531000000,20260531000000_salon_stylist_self_service.sql,27832
20260601164929,inside_local_range,20260601164500,20260601164500_car_dealership_reviews_server_gate.sql,269
20260601182132,inside_local_range,20260601181500,20260601181500_car_rental_expenses_server_gate.sql,392
20260601183515,inside_local_range,20260601183000,20260601183000_car_rental_maintenance_server_gate.sql,315
20260601183929,inside_local_range,20260601184500,20260601184500_car_rental_vehicles_server_gate.sql,331
20260601185002,inside_local_range,20260601184500,20260601184500_car_rental_vehicles_server_gate.sql,302
20260601200855,inside_local_range,20260601201500,20260601201500_car_rental_store_settings_server_gate.sql,365
20260602124443,inside_local_range,20260601284500,20260601284500_salon_bookings_owner_server_gate.sql,28783
20260602144434,inside_local_range,20260603000000,20260603000000_salon_low_stock_alerts.sql,33326
20260602144443,inside_local_range,20260603000000,20260603000000_salon_low_stock_alerts.sql,33317
20260602144449,inside_local_range,20260603000000,20260603000000_salon_low_stock_alerts.sql,33311
20260602144457,inside_local_range,20260603000000,20260603000000_salon_low_stock_alerts.sql,33303
20260602144504,inside_local_range,20260603000000,20260603000000_salon_low_stock_alerts.sql,33296
20260602144521,inside_local_range,20260603000000,20260603000000_salon_low_stock_alerts.sql,33279
20260602144536,inside_local_range,20260603000000,20260603000000_salon_low_stock_alerts.sql,33264
20260602144654,inside_local_range,20260603000000,20260603000000_salon_low_stock_alerts.sql,33186
20260602155001,inside_local_range,20260603000000,20260603000000_salon_low_stock_alerts.sql,29399
20260602155455,inside_local_range,20260603000000,20260603000000_salon_low_stock_alerts.sql,29105
20260602164117,inside_local_range,20260603000000,20260603000000_salon_low_stock_alerts.sql,26323
20260602220513,inside_local_range,20260603000000,20260603000000_salon_low_stock_alerts.sql,6887
20260602221556,inside_local_range,20260603000000,20260603000000_salon_low_stock_alerts.sql,6244
20260602233057,inside_local_range,20260603000000,20260603000000_salon_low_stock_alerts.sql,1743
20260602234856,inside_local_range,20260603000000,20260603000000_salon_low_stock_alerts.sql,664
20260603003231,inside_local_range,20260603000000,20260603000000_salon_low_stock_alerts.sql,1951
20260603004348,inside_local_range,20260603000000,20260603000000_salon_low_stock_alerts.sql,2628
20260603115007,inside_local_range,20260603120000,20260603120000_ar_estimate_public_rpcs.sql,593
20260603115807,inside_local_range,20260603120000,20260603120000_ar_estimate_public_rpcs.sql,113
20260603120348,inside_local_range,20260603120000,20260603120000_ar_estimate_public_rpcs.sql,228
20260603120729,inside_local_range,20260603120000,20260603120000_ar_estimate_public_rpcs.sql,449
20260603125717,inside_local_range,20260603120000,20260603120000_ar_estimate_public_rpcs.sql,3437
20260603144238,inside_local_range,20260603120000,20260603120000_ar_estimate_public_rpcs.sql,9758
20260603150053,inside_local_range,20260603120000,20260603120000_ar_estimate_public_rpcs.sql,10853
20260603152716,inside_local_range,20260603120000,20260603120000_ar_estimate_public_rpcs.sql,12436
20260603185944,inside_local_range,20260604000000,20260604000000_salon_public_walkin.sql,18016
20260603190107,inside_local_range,20260604000000,20260604000000_salon_public_walkin.sql,17933
20260603193622,inside_local_range,20260604000000,20260604000000_salon_public_walkin.sql,15818
20260603195427,inside_local_range,20260604000000,20260604000000_salon_public_walkin.sql,14733
20260603195827,inside_local_range,20260604000000,20260604000000_salon_public_walkin.sql,14493
20260603200011,inside_local_range,20260604000000,20260604000000_salon_public_walkin.sql,14389
20260604154725,inside_local_range,20260604154500,20260604154500_bus_operator_tables_and_popular_routes.sql,145
20260604162505,inside_local_range,20260604162000,20260604162000_real_trending_rpcs.sql,305
20260604183824,inside_local_range,20260604162000,20260604162000_real_trending_rpcs.sql,8304
20260604184726,inside_local_range,20260604162000,20260604162000_real_trending_rpcs.sql,8846
20260604234243,inside_local_range,20260604232911,20260604232911_zivo_plus_plan_code_and_public_plans.sql,812
20260605025603,inside_local_range,20260605030155,20260605030155_lockdown_auto_repair_internal_function_grants.sql,352
20260605030328,inside_local_range,20260605030155,20260605030155_lockdown_auto_repair_internal_function_grants.sql,93
20260605030614,inside_local_range,20260605030155,20260605030155_lockdown_auto_repair_internal_function_grants.sql,259
20260605030919,inside_local_range,20260605030155,20260605030155_lockdown_auto_repair_internal_function_grants.sql,444
20260605031201,inside_local_range,20260605030155,20260605030155_lockdown_auto_repair_internal_function_grants.sql,606
20260605031431,inside_local_range,20260605030155,20260605030155_lockdown_auto_repair_internal_function_grants.sql,756
20260605033726,inside_local_range,20260605030155,20260605030155_lockdown_auto_repair_internal_function_grants.sql,2131
20260605034040,inside_local_range,20260605030155,20260605030155_lockdown_auto_repair_internal_function_grants.sql,2325
20260605040154,inside_local_range,20260605030155,20260605030155_lockdown_auto_repair_internal_function_grants.sql,3599
20260605044637,inside_local_range,20260605030155,20260605030155_lockdown_auto_repair_internal_function_grants.sql,6282
20260606174240,inside_local_range,20260606193000,20260606193000_expose_admin_customer_search_in_api_schema.sql,6440
20260606202055,inside_local_range,20260606193000,20260606193000_expose_admin_customer_search_in_api_schema.sql,3055
20260606224236,inside_local_range,20260607000000,20260607000000_profile_metadata_completion.sql,4644
20260608192232,inside_local_range,20260609000100,20260609000100_add_increment_user_post_view_count_rpc.sql,16708
20260608200122,inside_local_range,20260609000100,20260609000100_add_increment_user_post_view_count_rpc.sql,14378
20260608201203,inside_local_range,20260609000100,20260609000100_add_increment_user_post_view_count_rpc.sql,13737
20260608201228,inside_local_range,20260609000100,20260609000100_add_increment_user_post_view_count_rpc.sql,13712
20260608201258,inside_local_range,20260609000100,20260609000100_add_increment_user_post_view_count_rpc.sql,13682
20260608202855,inside_local_range,20260609000100,20260609000100_add_increment_user_post_view_count_rpc.sql,12725
20260608202912,inside_local_range,20260609000100,20260609000100_add_increment_user_post_view_count_rpc.sql,12708
20260608203458,inside_local_range,20260609000100,20260609000100_add_increment_user_post_view_count_rpc.sql,12362
20260608203524,inside_local_range,20260609000100,20260609000100_add_increment_user_post_view_count_rpc.sql,12336
20260608203933,inside_local_range,20260609000100,20260609000100_add_increment_user_post_view_count_rpc.sql,12087
20260608204436,inside_local_range,20260609000100,20260609000100_add_increment_user_post_view_count_rpc.sql,11784
20260608204615,inside_local_range,20260609000100,20260609000100_add_increment_user_post_view_count_rpc.sql,11685
20260608204731,inside_local_range,20260609000100,20260609000100_add_increment_user_post_view_count_rpc.sql,11609
20260608204925,inside_local_range,20260609000100,20260609000100_add_increment_user_post_view_count_rpc.sql,11495
20260608205031,inside_local_range,20260609000100,20260609000100_add_increment_user_post_view_count_rpc.sql,11429
20260608205656,inside_local_range,20260609000100,20260609000100_add_increment_user_post_view_count_rpc.sql,11044
20260608205816,inside_local_range,20260609000100,20260609000100_add_increment_user_post_view_count_rpc.sql,10964
20260608210020,inside_local_range,20260609000100,20260609000100_add_increment_user_post_view_count_rpc.sql,10840
20260608210150,inside_local_range,20260609000100,20260609000100_add_increment_user_post_view_count_rpc.sql,10750
20260608210305,inside_local_range,20260609000100,20260609000100_add_increment_user_post_view_count_rpc.sql,10675
20260608210330,inside_local_range,20260609000100,20260609000100_add_increment_user_post_view_count_rpc.sql,10650
20260608210341,inside_local_range,20260609000100,20260609000100_add_increment_user_post_view_count_rpc.sql,10639
20260608210546,inside_local_range,20260609000100,20260609000100_add_increment_user_post_view_count_rpc.sql,10514
20260608210548,inside_local_range,20260609000100,20260609000100_add_increment_user_post_view_count_rpc.sql,10512
20260608210952,inside_local_range,20260609000100,20260609000100_add_increment_user_post_view_count_rpc.sql,10268
20260608211118,inside_local_range,20260609000100,20260609000100_add_increment_user_post_view_count_rpc.sql,10182
20260610161949,inside_local_range,20260611000000,20260611000000_add_channel_subscriber_permissions.sql,27611
20260610163800,inside_local_range,20260611000000,20260611000000_add_channel_subscriber_permissions.sql,26520
20260610185126,inside_local_range,20260611000000,20260611000000_add_channel_subscriber_permissions.sql,18514
20260610194137,inside_local_range,20260611000000,20260611000000_add_channel_subscriber_permissions.sql,15503
20260610194946,inside_local_range,20260611000000,20260611000000_add_channel_subscriber_permissions.sql,15014
20260610200023,inside_local_range,20260611000000,20260611000000_add_channel_subscriber_permissions.sql,14377
20260610204751,inside_local_range,20260611000000,20260611000000_add_channel_subscriber_permissions.sql,11529
20260611163958,inside_local_range,20260612000000,20260612000000_add_store_default_language.sql,26402
20260611183433,inside_local_range,20260612000000,20260612000000_add_store_default_language.sql,19527
20260620170529,inside_local_range,20260616090000,20260616090000_notifications_user_owned_mutations.sql,374729
20260620170536,inside_local_range,20260616090000,20260616090000_notifications_user_owned_mutations.sql,374736
20260620170540,inside_local_range,20260616090000,20260616090000_notifications_user_owned_mutations.sql,374740
20260620170544,inside_local_range,20260616090000,20260616090000_notifications_user_owned_mutations.sql,374744
20260620170549,inside_local_range,20260616090000,20260616090000_notifications_user_owned_mutations.sql,374749
20260620170555,inside_local_range,20260616090000,20260616090000_notifications_user_owned_mutations.sql,374755
20260620170632,inside_local_range,20260616090000,20260616090000_notifications_user_owned_mutations.sql,374792
20260620170636,inside_local_range,20260616090000,20260616090000_notifications_user_owned_mutations.sql,374796
20260620170642,inside_local_range,20260616090000,20260616090000_notifications_user_owned_mutations.sql,374802
20260620170645,inside_local_range,20260616090000,20260616090000_notifications_user_owned_mutations.sql,374805
20260701192709,inside_local_range,20260714151818,20260714151818_zivo_software_release_billing_hardening.sql,1108269
20260701211454,inside_local_range,20260714151818,20260714151818_zivo_software_release_billing_hardening.sql,1101804
20260701213127,inside_local_range,20260714151818,20260714151818_zivo_software_release_billing_hardening.sql,1100811
20260719011420,inside_local_range,20260717120000,20260717120000_bus_payment_voided_and_webhook_events.sql,134060
20260719013808,inside_local_range,20260717120000,20260717120000_bus_payment_voided_and_webhook_events.sql,135488
20260719020253,inside_local_range,20260717120000,20260717120000_bus_payment_voided_and_webhook_events.sql,136973
20260719025733,inside_local_range,20260717120000,20260717120000_bus_payment_voided_and_webhook_events.sql,140253
20260719132008,inside_local_range,20260717120000,20260717120000_bus_payment_voided_and_webhook_events.sql,177608
20260719134509,inside_local_range,20260717120000,20260717120000_bus_payment_voided_and_webhook_events.sql,179109
20260719135808,inside_local_range,20260717120000,20260717120000_bus_payment_voided_and_webhook_events.sql,179888
20260719140909,inside_local_range,20260717120000,20260717120000_bus_payment_voided_and_webhook_events.sql,180549
20260721164452,inside_local_range,20260717120000,20260717120000_bus_payment_voided_and_webhook_events.sql,362692
20260731152830,inside_local_range,20260806000000,20260806000000_expose_username_on_public_profiles.sql,462690
20260826202020,inside_local_range,20260826191256,20260826191256_lodging_cutluy_payment_rail.sql,4044
20260827235601,inside_local_range,20260826191256,20260826191256_lodging_cutluy_payment_rail.sql,103385
20260830025321,inside_local_range,20260830161008,20260830161008_release_backend_security_reconciliation.sql,47807
20260830030115,inside_local_range,20260830161008,20260830161008_release_backend_security_reconciliation.sql,47333
20260830030137,inside_local_range,20260830161008,20260830161008_release_backend_security_reconciliation.sql,47311
20260830030159,inside_local_range,20260830161008,20260830161008_release_backend_security_reconciliation.sql,47289
20260830030251,inside_local_range,20260830161008,20260830161008_release_backend_security_reconciliation.sql,47237
20260830030427,inside_local_range,20260830161008,20260830161008_release_backend_security_reconciliation.sql,47141
20260830030901,inside_local_range,20260830161008,20260830161008_release_backend_security_reconciliation.sql,46867
20260830031111,inside_local_range,20260830161008,20260830161008_release_backend_security_reconciliation.sql,46737
20260830031216,inside_local_range,20260830161008,20260830161008_release_backend_security_reconciliation.sql,46672
20260830031307,inside_local_range,20260830161008,20260830161008_release_backend_security_reconciliation.sql,46621
20260830031410,inside_local_range,20260830161008,20260830161008_release_backend_security_reconciliation.sql,46558
20260830031526,inside_local_range,20260830161008,20260830161008_release_backend_security_reconciliation.sql,46482
20260830165252,inside_local_range,20260830163714,20260830163714_harden_internal_cron_auth.sql,938
20260830165904,inside_local_range,20260830163714,20260830163714_harden_internal_cron_auth.sql,1310
20260830174518,inside_local_range,20260830183748,20260830183748_eats_wallet_backend_reconciliation.sql,3150
20260830180554,inside_local_range,20260830183748,20260830183748_eats_wallet_backend_reconciliation.sql,1914
20260903182301,inside_local_range,20260831041439,20260831041439_car_dealership_customer_capability_legacy_acl_cutover.sql,310102
